"","B","C1","C2","D","E","F","G","H","I","J","K","L","M","N","P","Q","T","U","X","Y"
"1","b","c","c","b","a","b","b","b","b","b","c","c","b","c","c","c","c","b","b","a"
"2","a","a","a","b","a","a","b","a","a","b","a","a","b","a","c","a","c","a","a","c"
"3","a","b","a","c","c","b","b","a","b","a","b","a","a","a","b","a","b","c","b","a"
"4","a","c","c","a","a","a","a","a","c","a","b","c","b","c","a","a","a","c","c","a"
"5","c","a","b","a","c","b","b","a","b","b","c","a","b","a","c","a","c","c","c","b"
"6","b","a","a","b","a","a","a","a","c","b","c","b","a","a","a","a","a","b","a","a"
"7","a","a","a","a","a","b","a","a","b","b","c","b","a","a","b","a","a","a","a","a"
"8","b","b","b","c","c","a","a","c","b","a","b","c","c","c","a","a","a","b","c","a"
"9","b","c","a","b","c","c","a","c","a","b","c","b","b","a","a","a","a","a","a","a"
"10","b","b","b","c","c","c","b","a","b","a","c","c","c","b","c","b","a","b","a","a"
"11","a","b","a","c","c","c","b","a","b","b","c","a","b","c","c","a","a","b","a","a"
"12","c","a","b","a","b","b","a","b","b","b","c","c","c","c","a","a","c","b","c","b"
"13","a","a","a","a","c","a","b","a","b","b","a","b","b","a","a","a","a","a","a","a"
"14","c","b","b","b","a","c","a","a","b","a","b","b","a","a","a","a","a","b","a","a"
"15","a","a","a","b","a","a","b","c","c","c","c","b","a","a","b","b","c","a","b","b"
"16","b","a","a","b","c","a","b","a","b","a","a","b","a","a","c","c","c","a","c","b"
"17","a","a","b","b","a","b","a","a","b","b","c","a","b","a","a","a","c","b","c","b"
"18","c","c","b","b","c","b","b","a","b","b","a","c","c","a","c","a","c","c","c","a"
"19","b","c","c","b","c","b","b","a","b","c","a","a","a","a","a","a","a","c","c","a"
"20","b","a","a","b","b","c","a","b","b","b","c","a","b","c","a","a","a","a","a","a"
"21","b","b","b","b","b","c","a","b","b","a","c","a","b","c","c","a","c","c","c","a"
"22","b","b","c","b","c","a","a","b","b","b","b","c","b","a","b","b","b","c","b","a"
"23","b","a","a","c","a","b","a","a","c","b","c","c","b","c","c","a","c","a","c","a"
"24","c","a","a","b","b","b","a","a","c","c","c","b","b","c","b","b","c","a","b","b"
"25","a","a","c","b","a","a","a","c","b","b","c","a","b","c","c","c","c","a","b","b"
"26","a","c","b","b","c","c","a","a","b","b","a","b","a","a","c","c","c","c","c","a"
"27","c","a","c","a","a","a","a","a","a","b","c","c","b","c","b","a","b","b","b","c"
"28","a","c","a","a","b","c","a","b","c","b","b","a","c","a","a","a","c","b","c","a"
"29","c","c","b","c","c","b","a","c","b","a","c","c","c","a","b","a","b","c","c","b"
"30","c","b","b","a","b","b","b","c","a","b","c","a","b","b","c","a","c","c","a","a"
"31","b","a","c","b","a","c","a","a","b","b","c","a","b","a","b","c","b","a","b","c"
"32","b","a","b","b","b","c","b","c","c","b","c","b","c","c","b","b","a","b","c","a"
"33","b","b","b","b","c","c","b","a","a","c","c","a","a","a","a","b","a","c","c","a"
"34","b","a","b","c","a","a","a","c","b","b","c","a","b","a","a","a","c","b","c","b"
"35","b","b","c","c","b","b","c","c","c","b","b","c","a","a","c","a","c","a","b","a"
"36","b","a","a","c","a","a","b","b","b","a","c","b","a","a","c","c","c","a","c","b"
"37","c","a","c","a","a","a","a","a","c","b","a","b","b","a","a","a","a","a","a","a"
"38","b","b","b","b","b","c","a","b","b","c","a","b","b","b","a","a","c","c","c","a"
"39","b","a","c","c","b","b","a","b","b","b","c","c","c","c","c","c","c","b","c","b"
"40","c","a","c","a","a","a","a","a","b","b","a","a","b","a","a","b","a","c","a","a"
"41","a","c","c","b","c","a","c","a","b","b","c","b","b","a","a","a","a","b","a","a"
"42","c","c","c","a","a","a","a","a","b","c","c","b","a","a","c","a","c","b","c","a"
"43","a","c","a","c","c","a","a","c","b","b","b","c","b","b","b","b","b","b","a","c"
"44","c","a","a","b","a","c","a","a","c","b","c","c","a","a","a","c","a","a","a","a"
"45","c","a","c","b","a","c","a","a","a","b","c","b","a","b","b","b","b","b","b","c"
"46","a","a","a","b","a","c","a","a","c","b","c","a","b","c","c","c","b","a","a","c"
"47","a","a","a","b","a","c","a","a","c","a","c","c","a","a","c","a","a","a","c","a"
"48","c","a","b","a","c","b","a","a","b","b","c","a","b","a","a","b","a","c","a","a"
"49","c","c","b","b","a","c","a","a","c","b","a","b","c","b","a","a","a","c","c","a"
"50","b","b","a","b","b","b","c","a","b","b","c","a","b","c","a","a","a","a","a","a"
"51","b","c","c","c","a","a","a","a","a","a","b","a","b","c","c","a","c","b","c","a"
"52","b","a","a","b","c","a","b","a","b","b","c","a","b","c","c","c","a","a","a","a"
"53","a","b","b","c","c","b","a","c","b","a","c","c","a","a","c","a","c","c","c","b"
"54","b","a","a","b","a","c","b","a","a","c","b","b","a","a","a","b","a","b","a","a"
"55","c","c","a","c","a","b","a","a","b","b","c","a","c","b","c","c","a","b","a","a"
"56","b","a","c","b","c","c","a","c","b","c","b","c","b","b","a","a","a","b","c","a"
"57","b","b","a","b","a","a","a","a","b","b","c","c","b","c","a","b","a","c","a","a"
"58","c","c","c","a","c","a","a","c","b","a","c","c","c","c","c","c","c","b","c","a"
"59","a","b","c","c","b","c","a","b","b","c","b","c","a","a","a","a","a","b","c","a"
"60","a","a","a","b","a","c","a","a","b","a","c","a","b","c","a","a","a","a","c","a"
"61","a","b","b","b","a","c","b","b","a","c","a","b","a","a","c","a","c","c","c","a"
"62","c","a","b","b","a","a","a","c","b","b","c","b","a","a","a","a","a","c","b","a"
"63","b","a","a","b","c","a","a","a","c","b","c","b","a","a","a","a","a","b","a","a"
"64","b","c","a","b","a","c","a","a","a","b","c","a","b","c","c","a","a","b","a","b"
"65","b","c","a","b","c","c","a","c","b","b","b","c","a","a","a","a","a","b","a","a"
"66","a","b","b","b","a","c","a","a","a","b","c","c","b","c","a","a","c","c","b","a"
"67","a","c","c","b","c","c","b","a","b","b","c","b","a","a","c","c","b","c","b","b"
"68","b","c","a","b","a","b","a","a","c","b","c","a","b","c","c","a","a","a","a","a"
"69","b","b","b","b","a","b","a","a","c","c","a","c","c","b","a","b","a","c","c","a"
"70","b","a","a","b","a","b","a","a","b","b","c","c","b","a","b","a","b","b","a","b"
"71","b","c","a","b","a","c","b","b","a","b","b","c","c","c","b","c","a","b","a","a"
"72","c","a","a","a","c","a","a","b","b","c","b","b","a","b","c","c","c","a","c","a"
"73","b","a","b","a","c","a","c","a","b","a","c","b","a","a","a","a","a","a","b","a"
"74","b","a","b","c","a","b","a","a","b","c","b","c","c","b","c","c","c","a","b","b"
"75","a","c","a","a","c","a","a","c","c","b","c","a","b","a","b","b","a","b","a","a"
"76","b","a","c","b","a","a","a","a","b","b","c","c","b","a","b","b","b","a","b","c"
"77","a","b","a","a","a","a","a","a","c","b","c","c","a","a","a","b","a","b","a","a"
"78","b","a","a","c","a","a","a","a","b","b","c","a","b","c","a","a","a","a","a","b"
"79","b","b","b","a","c","a","a","a","b","b","c","a","b","a","c","a","b","b","b","c"
"80","c","a","c","a","b","a","a","b","c","b","b","c","a","a","a","b","c","b","c","b"
"81","a","a","a","a","b","c","c","a","a","a","b","c","a","a","a","a","a","a","a","a"
"82","b","a","a","b","c","b","a","c","b","b","c","b","a","a","c","a","c","a","a","c"
"83","c","a","b","b","a","c","a","a","b","b","c","a","b","c","c","a","c","a","c","b"
"84","c","b","b","b","c","b","b","a","b","a","c","c","b","c","a","a","a","c","c","c"
"85","a","c","a","b","b","c","a","b","c","c","b","c","a","a","b","b","b","b","b","a"
"86","c","c","c","b","a","b","b","a","c","b","c","a","b","a","a","a","c","a","c","a"
"87","b","b","c","b","b","b","a","a","b","b","c","a","b","a","b","b","a","b","c","a"
"88","c","c","c","a","a","a","c","b","c","b","c","c","c","a","b","b","b","c","c","c"
"89","c","a","c","b","a","a","a","a","a","a","a","b","a","a","a","b","b","a","b","c"
"90","a","a","a","b","c","b","b","c","b","a","b","c","a","a","a","a","a","b","a","a"
"91","b","a","b","b","b","a","a","b","b","c","b","c","a","a","a","c","c","c","b","b"
"92","b","a","a","c","a","b","a","a","a","b","c","b","c","c","b","c","a","a","a","a"
"93","c","c","c","b","c","b","a","c","b","a","a","b","a","a","b","b","b","c","b","c"
"94","b","a","a","b","c","b","b","a","b","b","c","b","a","a","a","a","a","b","a","a"
"95","b","a","a","c","b","b","a","b","b","b","c","c","c","a","b","a","a","b","a","a"
"96","b","c","c","b","a","b","a","a","c","b","c","a","b","a","b","b","b","c","b","b"
"97","a","a","c","c","a","c","a","a","b","b","c","c","a","a","c","c","c","b","b","b"
"98","c","a","c","a","b","b","c","a","b","b","c","b","a","c","a","a","a","a","c","a"
"99","c","a","a","b","a","a","a","a","b","b","b","c","b","a","c","c","b","a","a","b"
"100","c","c","c","a","a","a","a","a","b","b","c","c","b","c","a","a","a","b","a","a"
"101","a","c","a","c","a","a","b","c","b","b","c","b","a","a","c","a","c","c","a","a"
"102","a","c","b","b","c","c","a","c","b","b","c","a","b","c","c","a","a","b","c","a"
"103","a","c","a","b","a","c","a","a","a","a","c","b","a","b","a","a","c","c","c","a"
"104","a","b","c","b","c","b","a","a","b","b","c","b","a","a","c","a","b","c","b","a"
"105","b","b","b","b","a","c","a","a","b","a","c","b","c","c","a","a","c","c","c","a"
"106","c","c","b","a","a","c","a","a","b","b","b","c","c","c","b","b","b","c","b","c"
"107","b","a","b","b","a","a","a","a","c","b","a","b","b","c","c","c","b","c","c","c"
"108","b","a","a","c","a","a","a","a","a","b","c","c","a","a","a","c","a","b","a","a"
"109","a","b","c","c","c","c","a","c","b","b","a","b","b","a","b","b","b","c","b","a"
"110","a","c","b","b","a","b","a","a","a","a","c","c","c","c","a","a","c","c","c","a"
"111","a","a","b","b","b","b","a","b","a","b","c","b","a","a","a","b","c","a","c","b"
"112","b","a","a","b","c","b","a","a","b","b","b","c","c","c","a","a","c","a","a","b"
"113","a","a","a","b","c","b","a","c","b","c","b","c","b","c","b","c","a","b","b","a"
"114","a","a","c","b","a","a","a","a","c","b","c","a","b","c","a","b","b","a","b","c"
"115","b","b","a","c","b","b","b","a","c","c","c","a","b","c","b","a","a","a","b","b"
"116","c","b","c","a","a","b","a","a","a","c","a","b","a","c","c","c","c","c","c","a"
"117","a","a","c","b","a","b","a","a","a","b","c","a","b","c","c","a","a","b","b","a"
"118","a","b","b","c","a","a","a","a","c","b","c","c","c","c","a","a","a","a","c","a"
"119","a","c","a","b","a","c","c","a","b","b","c","b","a","a","a","a","a","b","a","c"
"120","b","b","c","b","a","c","a","a","b","b","c","b","a","a","c","a","c","c","b","a"
"121","a","c","a","b","b","c","a","b","b","b","c","a","c","a","a","a","a","b","a","a"
"122","a","c","c","b","a","b","a","a","b","b","a","c","c","c","a","a","c","c","c","b"
"123","b","c","b","c","b","b","b","c","c","c","c","a","b","b","a","a","a","c","c","a"
"124","a","a","a","b","a","a","a","a","b","b","c","b","a","c","b","b","a","a","a","a"
"125","b","a","a","b","a","a","b","b","b","b","c","c","c","c","a","a","c","b","a","b"
"126","b","c","b","c","a","b","a","a","c","b","c","c","a","a","a","c","a","b","a","a"
"127","c","c","b","b","a","a","a","a","b","c","c","b","a","c","c","a","c","c","c","a"
"128","a","c","a","b","b","b","a","b","c","b","c","b","c","c","b","b","b","b","a","c"
"129","a","b","c","c","b","a","a","b","a","b","c","a","b","a","a","b","c","c","b","a"
"130","c","b","b","c","c","b","c","a","b","b","c","a","a","a","a","b","c","c","c","b"
"131","a","c","b","b","a","a","a","a","c","c","c","b","a","a","a","a","a","c","a","a"
"132","a","b","b","b","b","c","a","b","c","c","b","c","a","a","a","b","a","c","b","a"
"133","b","a","b","b","a","c","a","a","a","a","c","c","c","c","a","b","b","b","a","c"
"134","b","a","a","b","a","a","c","a","c","b","c","b","a","a","a","c","b","a","a","a"
"135","b","a","a","a","b","a","c","b","c","c","a","b","c","c","a","a","c","c","b","b"
"136","b","a","a","c","c","b","b","a","b","c","a","a","c","c","a","b","a","a","a","a"
"137","b","a","b","a","a","a","a","a","b","a","c","c","c","c","a","b","b","c","a","c"
"138","b","b","a","b","b","c","b","c","a","c","c","a","b","b","a","a","a","a","a","a"
"139","c","a","c","a","c","a","a","c","a","b","c","c","b","c","a","a","a","a","c","a"
"140","a","a","a","b","c","b","a","c","b","b","c","b","b","a","a","a","a","a","a","c"
"141","a","a","a","b","a","a","a","a","c","b","c","a","b","a","c","c","b","a","a","c"
"142","c","b","b","b","a","b","a","a","a","b","c","a","b","a","c","a","c","b","c","a"
"143","c","a","c","a","a","a","b","b","c","a","c","a","b","c","b","a","a","b","a","a"
"144","b","b","a","c","a","c","a","a","c","a","b","b","a","a","b","b","b","b","b","a"
"145","b","b","a","a","b","a","a","b","a","b","c","c","b","a","b","b","a","c","a","a"
"146","a","a","a","a","c","a","b","c","b","b","a","b","a","a","b","c","a","a","a","b"
"147","b","c","a","c","a","c","a","a","c","b","c","b","a","a","a","a","a","c","a","b"
"148","a","b","c","b","c","b","b","a","b","c","c","a","b","b","c","a","c","a","c","a"
"149","a","a","a","a","b","c","a","b","b","a","b","a","c","c","a","a","b","b","b","c"
"150","a","c","c","b","a","a","a","a","b","c","c","b","a","a","a","a","a","a","a","b"
"151","a","a","c","c","a","b","c","a","c","b","c","c","b","a","c","c","a","a","c","a"
"152","c","c","b","b","a","b","a","a","b","b","c","c","a","a","a","a","a","b","c","a"
"153","a","a","a","b","a","c","a","a","a","b","c","a","b","a","b","b","b","a","a","c"
"154","b","a","a","a","a","a","b","a","a","b","b","c","a","a","a","c","c","a","a","b"
"155","b","c","b","b","a","a","a","a","a","b","c","b","b","a","b","c","b","c","c","c"
"156","b","c","a","c","c","a","a","c","b","a","b","c","b","a","a","a","a","b","a","a"
"157","a","a","a","c","a","a","a","a","b","b","c","a","b","c","a","a","a","a","a","b"
"158","b","c","a","b","c","b","b","a","b","b","c","b","a","a","b","b","b","b","a","a"
"159","c","a","c","a","a","a","a","a","c","b","c","b","a","a","c","a","b","a","b","a"
"160","c","a","c","a","a","b","a","a","b","b","c","a","b","a","a","a","a","b","c","a"
"161","c","b","c","a","c","c","b","a","b","b","c","c","a","b","a","c","c","c","c","a"
"162","c","a","a","b","c","c","a","c","a","b","c","a","b","a","a","a","a","a","a","b"
"163","b","a","c","b","a","b","a","a","a","b","a","a","b","b","c","a","c","b","c","a"
"164","b","c","b","b","b","c","a","b","a","b","c","a","c","c","c","c","c","c","b","a"
"165","a","a","a","b","c","c","a","c","b","b","c","b","a","a","c","a","c","b","a","a"
"166","b","a","c","c","a","b","a","a","a","b","b","c","a","a","b","c","b","b","a","c"
"167","a","a","a","b","a","b","a","a","b","a","b","b","a","a","c","a","a","a","c","b"
"168","c","a","c","a","c","a","a","c","a","b","c","a","a","a","c","a","b","c","b","a"
"169","a","a","a","b","a","a","a","a","b","b","c","a","b","a","b","c","a","a","a","a"
"170","b","a","b","a","a","b","a","a","b","b","c","b","a","a","a","a","a","c","c","a"
"171","a","c","a","c","a","b","a","a","c","c","b","c","b","c","c","a","b","a","b","b"
"172","a","c","a","b","a","c","a","a","b","c","c","a","c","c","a","a","c","c","c","a"
"173","b","a","c","c","c","b","b","a","c","a","b","c","c","c","b","b","b","b","b","c"
"174","a","c","a","b","b","c","a","b","b","b","c","a","c","b","c","a","a","a","a","c"
"175","c","b","c","a","a","a","b","b","c","a","a","b","a","b","b","b","b","c","b","a"
"176","c","a","c","a","a","c","a","a","a","b","a","b","a","a","a","c","a","a","a","a"
"177","b","a","a","c","a","b","a","a","c","a","b","c","b","a","a","b","a","a","c","a"
"178","c","a","a","a","a","a","a","a","a","c","a","b","b","b","b","c","c","a","a","b"
"179","b","a","a","c","b","b","a","b","c","b","b","c","a","a","c","c","a","a","a","a"
"180","a","a","c","b","a","c","a","b","b","c","c","c","b","a","a","b","c","a","c","b"
"181","b","b","b","c","a","b","a","a","c","b","c","b","a","a","a","a","a","b","c","a"
"182","b","a","a","b","c","a","b","a","b","b","c","b","a","a","a","a","b","a","a","c"
"183","c","c","c","a","c","b","c","c","b","c","a","b","a","b","c","a","c","c","c","a"
"184","c","a","c","a","b","a","a","b","a","b","b","c","b","c","b","b","b","a","b","c"
"185","a","a","a","b","a","c","a","a","b","b","c","a","b","c","a","a","a","a","a","a"
"186","a","a","a","b","c","b","b","c","b","c","b","c","b","b","c","c","b","a","a","b"
"187","a","a","a","b","c","a","b","a","b","b","c","b","b","a","b","a","a","a","a","b"
"188","a","a","a","a","a","b","b","b","c","a","c","a","b","b","c","a","c","a","c","b"
"189","c","c","a","a","b","b","c","c","a","a","b","a","b","c","b","c","b","b","b","c"
"190","a","a","a","c","c","a","b","a","b","b","c","a","b","c","a","a","a","a","a","a"
"191","b","c","c","b","a","c","b","a","b","b","b","c","c","c","b","c","b","c","b","b"
"192","a","a","a","b","a","c","a","a","b","a","a","b","a","a","a","c","c","a","c","b"
"193","b","b","a","b","c","c","a","b","b","b","c","a","b","c","a","c","a","c","a","a"
"194","c","a","a","b","c","b","a","c","b","b","c","a","b","a","a","a","a","a","a","a"
"195","a","c","a","a","b","a","a","b","c","b","c","c","b","c","a","c","a","a","a","b"
"196","a","b","a","b","b","b","a","b","b","b","b","c","a","a","a","a","a","b","a","a"
"197","b","a","b","b","b","c","b","c","b","a","b","c","a","a","c","c","c","a","c","b"
"198","a","a","a","b","a","b","a","a","b","b","c","a","b","c","a","a","a","a","a","a"
"199","c","a","c","a","c","a","b","a","b","b","a","b","a","a","a","a","a","a","c","a"
"200","c","a","b","b","a","c","b","b","b","b","c","b","a","a","a","a","a","c","c","c"
"201","b","a","a","c","a","a","a","a","b","c","c","b","a","a","a","b","b","a","b","c"
"202","a","a","a","c","a","a","a","a","a","c","b","c","a","a","c","a","b","a","b","c"
"203","a","c","a","b","a","c","a","a","b","b","a","c","b","a","a","a","a","b","a","c"
"204","b","a","a","b","b","b","a","b","b","a","b","a","a","a","c","a","a","a","a","a"
"205","a","c","c","b","a","a","a","a","a","b","c","a","b","a","a","a","b","a","b","b"
"206","a","c","a","c","a","b","a","a","c","b","c","b","a","a","a","a","a","a","a","a"
"207","a","c","a","b","b","c","a","b","c","b","c","a","a","a","c","a","c","b","c","a"
"208","b","c","a","c","a","a","a","a","b","a","b","a","c","c","b","a","a","c","c","a"
"209","a","a","a","a","b","a","a","a","b","b","b","c","a","a","a","b","a","a","a","c"
"210","b","a","c","c","b","a","a","b","a","b","c","a","b","a","b","b","a","a","b","b"
"211","c","c","b","b","a","c","a","a","a","c","b","c","c","b","a","c","a","b","a","a"
"212","c","b","c","b","c","c","a","a","b","c","a","b","a","a","b","b","a","b","c","a"
"213","b","b","b","b","b","a","a","b","a","b","a","b","b","c","a","b","a","c","a","a"
"214","b","c","a","c","a","b","a","a","b","b","b","a","c","c","a","a","a","a","a","b"
"215","a","b","a","c","c","b","a","c","b","b","b","b","a","a","b","b","a","a","a","a"
"216","b","c","c","b","a","a","a","a","b","b","c","c","b","a","b","b","b","b","b","b"
"217","a","c","b","a","a","a","a","a","b","b","c","c","a","a","a","b","c","c","c","b"
"218","a","b","a","a","c","b","a","a","b","b","c","b","a","a","c","c","b","b","a","a"
"219","a","c","c","c","a","b","a","a","b","b","c","c","b","a","a","a","c","b","b","a"
"220","b","b","c","b","a","a","a","a","c","b","b","c","c","c","c","a","c","c","c","a"
"221","b","a","c","b","c","b","a","a","a","b","b","a","c","b","a","b","c","a","a","a"
"222","b","c","a","c","a","b","a","a","a","b","a","a","c","c","b","c","b","b","a","c"
"223","a","a","a","a","a","a","b","c","b","b","a","b","a","a","a","a","a","a","a","a"
"224","a","c","b","a","a","c","a","a","b","b","c","c","c","a","a","a","a","c","c","a"
"225","c","b","b","b","b","a","a","c","c","b","c","a","b","c","a","a","a","c","c","a"
"226","b","a","a","b","a","c","a","a","b","b","c","a","b","a","b","c","a","b","a","a"
"227","a","a","a","b","a","c","a","a","b","b","c","a","b","c","b","b","b","a","a","c"
"228","a","a","a","a","c","a","a","c","b","b","b","c","a","b","a","a","a","b","a","a"
"229","a","b","a","b","b","c","a","b","c","b","c","a","b","a","a","a","a","b","a","a"
"230","a","a","c","b","b","a","a","b","b","a","b","a","a","a","a","a","a","c","b","a"
"231","b","b","c","c","c","a","a","b","b","b","c","a","b","a","b","b","a","a","a","a"
"232","b","a","a","b","c","a","a","b","b","b","c","c","c","c","c","a","a","a","a","a"
"233","b","a","a","a","c","b","a","c","b","b","c","b","a","b","a","a","c","a","a","b"
"234","b","b","a","c","a","b","b","a","a","b","a","a","a","a","c","a","b","b","a","a"
"235","c","b","c","a","a","a","a","a","b","b","c","c","c","c","a","c","c","c","b","a"
"236","a","a","c","c","a","a","b","b","c","b","b","a","c","c","a","a","a","a","b","a"
"237","b","a","b","c","c","b","b","a","b","b","b","c","c","b","a","a","b","c","b","c"
"238","c","b","b","a","a","b","a","a","c","c","b","b","a","c","c","a","b","c","b","c"
"239","a","a","a","a","a","b","a","a","c","b","c","c","a","a","a","b","a","b","a","a"
"240","a","c","b","b","b","c","a","b","b","c","c","a","b","c","c","a","c","c","c","a"
"241","a","c","c","b","a","c","a","a","a","c","a","b","a","a","a","a","a","a","c","b"
"242","b","b","c","c","c","b","a","b","c","a","b","c","a","a","a","a","b","c","b","a"
"243","a","b","a","c","a","c","a","a","b","b","c","a","c","c","b","c","b","b","a","c"
"244","b","b","b","c","a","a","a","a","b","c","c","a","b","c","c","a","c","c","c","c"
"245","b","c","b","b","c","b","a","c","b","b","c","c","a","a","b","b","b","c","a","b"
"246","a","a","a","b","a","c","b","a","b","b","c","c","b","a","c","a","c","a","a","b"
"247","b","b","a","c","c","a","a","a","b","c","a","a","a","a","c","a","a","b","a","a"
"248","b","b","b","b","c","b","b","a","b","b","c","b","a","a","a","c","c","c","c","a"
"249","b","c","a","c","a","a","a","a","a","b","c","c","b","a","a","a","a","a","a","a"
"250","a","b","a","a","b","a","a","a","b","b","c","a","b","c","a","a","b","a","a","c"
"251","b","a","a","b","b","a","a","a","b","a","b","c","c","c","a","a","c","a","c","b"
"252","c","a","a","b","a","b","a","a","c","c","c","a","b","c","a","a","b","c","b","c"
"253","b","a","a","b","b","b","b","c","b","b","c","a","a","a","a","a","a","b","a","a"
"254","c","b","c","b","c","c","b","a","b","b","c","c","a","a","c","c","c","b","c","a"
"255","b","a","a","b","b","c","a","b","b","b","b","c","b","c","a","b","c","a","a","c"
"256","b","c","a","b","a","c","b","a","c","b","b","c","b","a","c","a","a","b","a","a"
"257","a","b","a","b","a","c","b","c","b","b","c","b","a","a","c","a","a","b","a","a"
"258","b","c","b","b","b","b","a","b","c","c","b","a","a","a","b","c","c","c","c","a"
"259","c","b","a","b","a","c","a","a","b","b","b","c","b","a","c","c","a","b","a","a"
"260","b","a","a","c","b","a","a","b","b","b","c","a","b","b","b","b","a","a","a","a"
"261","c","b","b","b","a","c","a","a","b","b","c","a","b","a","a","b","a","c","a","a"
"262","b","c","b","a","b","b","b","c","c","c","a","c","c","c","c","c","c","a","c","a"
"263","a","c","b","b","b","b","b","a","c","b","c","c","b","a","c","c","c","b","c","a"
"264","b","b","c","c","a","b","a","a","b","a","b","b","c","c","c","a","c","a","a","a"
"265","c","b","c","b","a","c","a","a","c","b","c","a","a","a","a","a","a","c","a","a"
"266","a","b","c","b","b","a","b","c","a","b","c","c","c","c","b","c","b","a","b","a"
"267","a","a","a","a","a","a","b","b","b","b","c","a","b","c","a","a","a","b","a","a"
"268","b","a","a","b","c","b","a","c","b","b","c","b","a","a","b","b","b","a","a","c"
"269","b","c","a","b","a","b","a","a","a","b","c","b","a","a","b","c","a","b","a","a"
"270","b","b","c","c","b","b","b","c","b","b","c","c","c","c","a","a","a","b","b","a"
"271","a","a","a","a","a","c","a","a","c","b","a","a","b","a","a","b","a","a","a","a"
"272","c","a","c","a","c","a","b","c","b","a","c","b","b","c","a","b","b","a","b","c"
"273","b","a","a","b","c","a","a","a","b","b","c","c","c","c","c","c","a","a","a","a"
"274","a","b","a","c","a","b","b","b","b","b","b","c","c","c","a","a","b","b","a","b"
"275","c","a","c","b","a","c","a","c","a","c","b","c","a","a","a","c","a","a","c","a"
"276","a","c","a","b","a","b","a","a","c","b","c","a","b","a","a","a","a","c","a","a"
"277","b","a","a","b","a","c","b","b","c","a","c","b","a","a","c","a","c","a","b","b"
"278","a","c","a","c","b","a","a","a","a","b","c","a","b","a","c","a","c","b","a","b"
"279","a","a","c","c","c","a","b","a","a","b","a","b","a","a","a","a","a","a","c","b"
"280","a","a","c","c","b","a","a","b","c","b","c","a","b","a","c","a","b","b","a","c"
"281","c","c","a","b","a","c","a","a","b","b","b","c","a","a","a","a","a","b","a","a"
"282","b","a","a","b","c","c","a","c","a","c","c","a","b","b","b","b","c","a","c","b"
"283","b","a","a","c","c","a","a","c","b","b","c","a","b","c","c","a","a","a","a","a"
"284","a","a","b","a","a","b","a","a","c","b","c","a","b","a","c","c","c","c","c","b"
"285","a","b","a","b","b","b","a","b","b","c","b","a","b","b","a","a","a","a","a","a"
"286","a","a","a","b","b","c","a","a","b","a","c","b","b","c","c","c","b","a","c","c"
"287","a","a","a","b","c","c","b","a","a","b","c","a","a","a","a","c","a","b","a","a"
"288","b","c","a","b","a","c","a","a","c","c","b","c","c","b","b","b","b","c","c","b"
"289","b","c","a","b","a","c","a","a","b","a","b","c","b","c","b","b","b","c","c","a"
"290","b","a","a","c","c","b","a","a","a","b","c","b","a","a","b","c","b","b","a","c"
"291","b","c","c","c","c","a","a","b","b","a","b","c","a","b","c","a","c","c","c","b"
"292","a","a","a","b","c","c","b","a","c","b","b","c","c","c","b","b","a","a","a","a"
"293","b","a","a","b","a","c","a","a","b","a","c","b","b","c","a","a","c","a","c","a"
"294","a","a","b","a","b","a","a","b","b","b","c","c","c","c","a","a","a","c","c","a"
"295","b","b","a","b","a","b","a","a","a","b","c","b","a","a","c","b","a","b","a","a"
"296","a","a","a","b","b","c","a","a","b","c","a","b","a","a","a","a","a","b","a","a"
"297","b","b","a","a","b","c","a","a","a","b","b","c","c","c","a","a","a","c","a","a"
"298","b","a","a","c","a","b","a","a","a","b","c","b","a","a","a","a","a","a","a","c"
"299","b","a","c","c","a","a","a","a","b","b","c","a","b","a","a","c","b","c","b","b"
"300","a","a","b","b","b","a","a","b","b","b","b","c","a","a","a","a","a","c","c","a"
"301","b","c","b","c","c","b","a","c","b","c","b","c","a","a","c","a","b","b","b","b"
"302","b","a","c","c","a","a","a","a","a","b","b","c","a","a","a","a","a","c","c","a"
"303","b","a","a","b","b","c","b","c","c","b","c","b","a","a","a","c","a","a","a","a"
"304","b","b","b","c","c","b","a","a","b","b","b","c","b","c","b","b","a","c","b","a"
"305","a","a","a","a","c","a","a","c","a","b","b","c","c","c","a","c","a","b","a","a"
"306","b","a","c","b","b","c","b","c","a","b","a","b","a","a","c","c","b","b","b","c"
"307","c","b","c","a","c","b","a","c","b","a","b","c","c","a","c","a","c","c","b","a"
"308","a","a","b","c","a","b","a","a","c","b","c","c","c","c","a","a","b","a","b","a"
"309","a","a","c","b","c","c","a","c","b","b","c","b","a","a","a","b","a","a","c","a"
"310","c","c","a","a","c","b","a","c","b","b","c","a","b","a","b","b","a","b","a","a"
"311","a","a","a","a","a","c","a","a","a","c","a","b","b","b","c","c","b","a","c","a"
"312","a","a","a","c","c","b","a","a","b","a","b","c","c","c","a","b","a","a","c","a"
"313","a","c","b","c","b","a","a","a","a","b","b","c","c","c","c","c","a","b","a","a"
"314","a","c","b","b","b","a","a","c","c","b","a","b","a","a","c","a","c","c","c","a"
"315","b","c","c","c","a","a","a","a","a","b","c","c","b","a","a","c","a","c","c","b"
"316","c","a","c","a","a","a","a","a","b","a","c","a","b","c","a","a","c","b","c","c"
"317","c","b","c","a","b","c","a","b","c","b","c","a","b","c","c","c","a","c","b","a"
"318","a","b","c","b","a","c","a","a","b","c","c","c","b","c","c","c","c","c","c","a"
"319","a","a","a","b","b","a","a","a","a","b","c","c","b","c","a","a","a","c","a","a"
"320","c","c","b","a","a","c","a","a","c","b","c","b","a","b","c","a","c","b","b","a"
"321","a","c","a","a","c","b","b","a","b","c","b","c","a","b","c","b","b","b","a","b"
"322","c","a","c","b","b","c","a","b","a","b","c","a","b","c","a","c","c","c","b","b"
"323","a","a","a","b","a","c","a","a","b","c","a","b","a","a","a","a","a","b","b","a"
"324","b","c","a","b","c","b","a","c","b","b","c","c","b","a","b","c","b","b","a","c"
"325","a","a","c","c","a","b","a","a","b","b","b","c","a","a","c","c","c","c","c","b"
"326","a","c","a","c","a","c","a","a","a","c","b","c","b","b","c","c","c","b","c","a"
"327","a","a","a","b","a","a","a","a","c","c","b","a","a","c","c","a","c","a","c","b"
"328","b","c","c","c","b","b","a","b","b","b","b","c","a","c","c","c","c","b","c","a"
"329","a","a","a","a","c","b","a","a","b","b","c","a","c","a","a","a","b","a","a","c"
"330","a","a","a","a","a","b","a","a","a","a","c","c","a","a","b","b","b","a","b","c"
"331","a","b","c","b","a","c","a","a","a","b","c","c","b","a","c","c","a","b","a","a"
"332","b","a","a","b","b","b","a","b","c","b","b","c","a","a","a","a","a","a","a","a"
"333","a","a","c","a","c","b","a","c","b","b","c","b","b","c","c","a","c","b","b","b"
"334","b","c","a","b","b","a","a","b","c","b","c","a","a","a","a","b","a","b","b","a"
"335","a","c","c","a","b","a","a","b","a","b","c","a","b","a","b","b","a","b","b","a"
"336","c","c","c","a","b","a","a","b","c","b","c","a","b","a","a","a","a","c","c","a"
"337","a","c","b","a","a","a","b","c","b","b","c","a","a","a","a","a","a","c","b","a"
"338","a","a","c","a","b","a","a","b","c","b","c","b","a","a","c","a","b","a","b","c"
"339","a","a","a","a","c","a","a","c","b","b","c","a","b","c","a","a","a","a","a","a"
"340","b","b","a","b","c","b","a","c","b","b","c","b","a","a","a","a","a","a","a","a"
"341","a","b","a","a","b","a","a","a","b","b","b","c","a","a","a","b","a","a","a","a"
"342","a","b","b","b","b","b","a","b","b","b","c","a","b","c","c","a","c","c","c","a"
"343","b","b","c","b","a","b","a","a","c","b","c","a","c","c","c","c","c","c","b","a"
"344","a","a","a","a","c","b","b","a","b","c","c","a","c","c","b","a","c","b","b","b"
"345","a","c","a","b","b","c","a","c","c","b","c","a","c","c","b","a","b","c","b","b"
"346","c","b","b","b","a","a","a","a","c","b","c","b","a","a","a","a","a","c","c","a"
"347","b","b","b","b","b","b","a","c","c","b","c","a","c","c","a","a","a","b","b","b"
"348","a","a","b","c","a","a","b","c","b","b","c","c","b","a","c","a","c","a","c","b"
"349","b","c","a","b","b","c","a","b","c","a","b","c","a","a","b","c","b","b","b","c"
"350","b","a","c","c","c","a","a","a","b","b","c","a","a","b","a","a","a","c","a","b"
"351","b","a","a","c","a","b","a","a","b","b","a","b","a","a","a","a","a","b","a","c"
"352","b","a","c","c","b","b","a","a","c","c","a","b","b","c","b","b","a","b","c","a"
"353","a","c","a","a","c","a","b","a","a","c","b","c","a","a","a","a","c","b","c","a"
"354","c","a","b","a","a","a","a","a","c","b","c","c","b","a","a","b","c","c","c","a"
"355","b","b","a","c","a","a","a","c","a","a","b","c","a","a","a","a","c","a","b","b"
"356","c","a","b","b","c","a","a","c","a","b","a","b","a","a","b","b","b","a","c","b"
"357","c","b","a","b","b","a","a","b","a","c","b","c","a","a","b","a","a","c","a","a"
"358","a","a","a","b","a","c","a","a","c","a","b","c","a","a","c","a","c","c","c","a"
"359","b","a","a","b","a","a","a","a","c","c","c","a","b","b","b","c","c","c","a","b"
"360","c","b","c","b","b","c","a","b","c","b","c","c","c","c","b","a","b","c","b","a"
"361","a","c","b","b","a","c","a","a","a","a","c","c","b","c","a","a","c","b","c","a"
"362","a","a","a","b","a","a","a","a","a","b","b","c","a","b","b","b","a","a","c","c"
"363","b","a","a","c","b","c","a","b","a","c","c","b","a","a","b","c","b","a","b","c"
"364","a","a","a","a","a","a","b","c","c","b","b","c","a","a","c","a","a","a","b","a"
"365","a","a","b","c","a","b","b","b","b","b","a","b","a","a","c","a","c","b","c","b"
"366","c","a","c","b","c","a","a","c","a","b","b","b","a","a","a","a","a","b","a","a"
"367","a","a","a","a","a","a","a","a","b","b","c","b","a","a","c","c","a","c","b","b"
"368","a","a","a","a","b","a","a","b","b","b","c","b","b","a","b","c","a","a","a","a"
"369","b","c","a","b","a","a","a","a","a","b","c","c","c","c","a","a","a","b","a","a"
"370","c","b","b","b","a","c","a","a","b","b","c","c","a","a","a","a","c","c","c","a"
"371","b","a","a","c","b","b","b","a","c","b","c","a","b","a","a","a","a","a","a","a"
"372","c","b","c","a","a","a","a","b","c","b","b","c","b","a","b","b","b","c","b","c"
"373","b","b","c","b","a","a","b","b","a","c","c","a","b","c","a","a","b","c","b","c"
"374","b","a","c","b","a","c","a","a","c","b","c","c","b","a","b","b","b","b","a","c"
"375","b","a","a","b","a","c","a","a","a","b","c","c","b","c","a","a","a","a","a","a"
"376","b","c","c","c","a","b","b","b","a","c","a","b","a","b","a","c","c","b","b","b"
"377","a","a","a","a","a","b","a","a","b","b","b","c","a","a","b","c","b","a","a","c"
"378","c","b","b","b","a","c","a","a","b","b","c","a","b","c","a","a","b","a","b","b"
"379","c","c","c","b","a","b","c","a","b","b","c","b","a","a","a","a","a","b","a","a"
"380","b","a","b","b","a","c","a","a","c","a","b","c","a","c","a","a","a","a","a","a"
"381","b","b","b","b","b","b","b","a","a","b","c","a","b","a","c","a","c","c","c","b"
"382","a","a","a","a","a","a","a","a","c","b","a","b","a","a","a","b","a","b","a","a"
"383","a","a","a","c","a","a","a","a","b","b","c","b","a","a","c","c","a","a","a","a"
"384","a","a","a","c","c","a","a","c","b","b","c","b","a","b","a","a","a","a","a","a"
"385","c","a","b","a","a","c","a","a","b","b","a","c","a","a","c","a","c","a","c","b"
"386","c","b","b","b","c","c","a","b","a","b","c","b","a","a","c","a","c","c","a","a"
"387","c","b","c","a","c","a","a","c","b","b","a","b","a","a","a","a","b","c","b","a"
"388","a","b","a","c","c","c","a","c","c","b","c","a","c","a","a","a","a","b","a","a"
"389","b","a","a","c","b","a","a","a","b","c","c","b","a","a","c","a","c","a","b","a"
"390","a","c","c","c","a","b","a","a","a","a","a","b","c","c","c","c","c","b","c","a"
"391","b","a","a","b","b","c","a","b","a","b","b","a","c","c","c","c","a","a","a","a"
"392","a","c","a","a","a","a","b","c","b","b","c","a","c","c","a","b","a","b","a","a"
"393","b","a","a","b","c","c","a","c","b","b","c","a","c","a","b","c","a","a","a","a"
"394","a","c","b","c","b","b","a","b","c","c","b","c","a","a","c","b","a","c","c","c"
"395","a","a","a","b","c","b","a","c","b","b","b","a","c","c","a","a","a","c","c","a"
"396","b","a","a","c","c","a","a","a","b","b","b","c","a","b","c","c","b","b","a","a"
"397","b","a","b","b","b","a","a","b","c","b","c","a","b","c","a","a","c","b","c","b"
"398","a","a","a","a","c","a","a","c","b","c","a","b","a","a","c","c","c","b","b","a"
"399","a","a","a","a","b","a","a","b","b","c","b","c","a","b","a","a","c","b","c","a"
"400","b","b","b","c","a","b","b","a","a","b","c","a","b","a","c","c","c","b","c","a"
"401","b","a","a","b","a","c","a","a","c","b","c","b","a","a","a","a","a","a","a","a"
"402","b","a","c","c","a","b","a","a","a","b","c","a","b","c","c","a","c","c","c","b"
"403","a","c","a","a","b","b","c","b","c","b","c","c","c","c","a","c","a","c","c","a"
"404","b","a","c","c","a","b","a","a","b","c","a","a","b","c","b","c","a","c","c","c"
"405","a","a","a","c","c","a","c","a","b","b","c","a","b","c","c","c","a","b","a","a"
"406","b","b","c","c","c","b","b","c","c","c","c","b","a","c","a","a","a","c","b","a"
"407","a","a","a","c","c","b","a","c","c","b","b","c","b","a","c","c","a","a","a","a"
"408","c","a","c","a","c","b","c","b","b","b","c","c","b","c","c","a","c","c","b","b"
"409","c","b","b","a","c","c","b","a","b","b","b","c","a","a","c","c","a","c","c","a"
"410","a","b","a","a","a","a","c","a","c","b","c","a","b","a","b","c","a","c","a","a"
"411","b","a","a","b","c","c","c","a","b","b","c","c","b","a","c","b","c","a","a","a"
"412","b","b","c","b","a","c","b","b","b","b","b","c","b","a","b","b","b","c","a","c"
"413","a","a","a","c","b","b","a","b","a","b","c","a","b","b","a","a","c","b","a","b"
"414","b","c","c","b","b","a","c","a","b","b","c","b","a","a","c","a","c","b","c","a"
"415","b","c","b","b","a","b","a","a","c","c","b","c","b","b","b","c","b","b","b","c"
"416","a","b","a","c","a","a","a","a","a","a","b","c","a","a","c","c","c","b","b","b"
"417","b","a","c","b","c","c","a","c","b","b","c","b","a","a","c","c","a","a","b","a"
"418","b","b","b","b","a","a","b","a","b","a","b","a","a","c","a","a","c","c","a","a"
"419","a","a","a","b","c","c","a","c","b","c","c","a","b","c","a","a","a","a","b","a"
"420","a","b","c","b","a","c","a","a","a","b","c","c","c","c","a","a","c","b","b","a"
"421","c","c","b","b","a","c","a","a","b","a","b","c","a","a","b","b","a","c","c","a"
"422","c","b","c","b","c","b","a","c","b","b","c","c","a","a","c","a","a","c","b","a"
"423","a","b","a","b","a","c","a","a","a","b","c","a","b","a","a","a","a","c","a","a"
"424","c","a","c","b","a","a","a","a","b","b","c","b","b","a","a","b","a","b","c","a"
"425","b","c","a","b","b","a","a","a","b","c","a","c","c","b","c","c","a","c","c","a"
"426","c","b","b","a","b","b","a","b","c","b","b","c","b","c","a","a","b","c","a","a"
"427","b","a","a","c","c","b","a","c","b","c","c","a","c","b","c","c","c","a","b","b"
"428","a","a","a","b","a","b","a","a","a","b","c","c","c","b","b","a","b","b","a","c"
"429","b","a","a","a","a","b","a","a","a","b","b","b","a","a","a","a","a","a","a","b"
"430","b","c","b","b","c","b","a","b","b","c","a","b","a","a","a","a","b","c","b","c"
"431","b","a","a","b","a","c","a","a","c","b","c","b","a","a","a","a","b","a","a","c"
"432","a","a","c","b","a","b","a","a","b","c","b","a","c","b","a","a","c","a","c","b"
"433","a","a","a","a","a","a","a","a","b","b","c","c","b","c","c","a","a","a","a","a"
"434","b","c","a","c","b","a","b","c","c","b","c","c","b","a","c","a","c","b","a","a"
"435","b","a","b","b","a","c","a","a","b","b","c","a","b","a","b","b","a","c","a","a"
"436","c","b","c","c","a","b","a","a","c","c","c","b","b","a","a","c","c","c","c","c"
"437","a","c","a","a","c","b","a","c","a","a","c","b","a","a","c","a","a","a","c","a"
"438","a","a","a","c","a","a","b","a","b","b","c","b","c","c","b","a","a","b","a","c"
"439","b","b","a","b","a","c","a","a","b","b","a","b","a","a","c","c","a","b","a","a"
"440","b","a","b","c","a","a","a","a","b","a","c","b","b","b","a","b","c","c","b","b"
"441","b","a","a","c","b","a","a","c","c","b","c","b","b","c","a","b","a","a","a","a"
"442","b","c","a","b","a","b","b","b","a","b","c","b","c","c","a","a","a","a","a","a"
"443","c","b","b","a","a","b","a","a","c","b","c","b","a","a","c","c","c","b","a","b"
"444","c","a","c","b","c","a","a","a","b","a","c","a","b","b","a","a","a","b","c","a"
"445","a","a","a","b","a","c","b","b","a","b","b","c","a","a","a","a","b","a","b","c"
"446","b","c","a","b","b","c","a","c","a","b","c","c","b","a","a","b","a","c","a","a"
"447","c","a","b","b","c","c","a","c","b","b","b","c","c","c","b","a","c","b","c","b"
"448","c","b","c","a","a","c","a","a","c","b","c","a","a","a","b","a","a","a","b","a"
"449","a","b","c","a","c","a","a","c","b","b","c","a","c","c","a","b","a","b","c","a"
"450","b","c","b","c","a","a","a","a","a","b","c","c","b","a","c","a","a","c","c","b"
"451","b","b","c","b","a","c","a","c","c","c","a","a","b","c","a","a","a","b","c","a"
"452","b","a","c","c","a","b","a","c","a","c","b","c","b","c","c","c","a","a","c","a"
"453","c","c","b","a","c","a","c","a","c","b","c","c","b","c","b","b","b","b","c","c"
"454","b","a","a","c","b","a","a","b","c","b","c","a","c","b","c","a","c","c","a","b"
"455","b","a","a","c","a","b","a","a","a","a","c","a","b","c","c","a","c","a","c","b"
"456","b","b","c","b","a","b","a","a","c","b","c","c","c","b","c","c","c","c","a","a"
"457","c","a","c","a","b","a","a","c","a","a","b","a","c","c","a","a","a","c","c","a"
"458","a","c","a","c","c","b","b","a","b","b","c","a","b","c","c","a","a","c","a","a"
"459","b","c","a","c","b","a","a","b","b","b","c","c","b","a","a","a","a","b","a","b"
"460","a","a","a","a","c","c","b","a","a","c","c","b","a","b","a","a","a","a","a","c"
"461","a","a","a","a","a","a","a","a","a","b","c","a","b","a","c","a","a","a","a","a"
"462","a","a","a","a","a","b","a","a","b","b","b","c","a","b","a","a","a","a","a","a"
"463","b","a","a","b","c","b","a","c","b","b","c","b","b","a","a","a","a","a","a","b"
"464","b","c","a","b","c","b","b","a","b","c","b","c","c","c","c","c","b","a","b","b"
"465","a","c","a","b","c","a","b","c","a","a","c","a","b","a","c","c","c","b","c","a"
"466","c","c","a","b","c","c","b","c","b","b","b","c","a","a","a","b","a","b","a","c"
"467","b","a","c","b","b","c","a","a","a","b","c","b","b","a","b","c","a","a","b","b"
"468","c","a","a","b","a","a","b","b","b","b","c","c","b","a","a","a","a","a","a","a"
"469","b","c","a","a","a","a","a","a","a","b","c","b","a","a","a","a","c","b","a","a"
"470","b","b","a","b","c","b","a","a","b","b","c","a","b","a","b","b","b","b","a","a"
"471","a","a","a","a","a","a","a","a","b","c","b","c","a","a","a","a","b","b","b","c"
"472","b","b","b","b","b","c","a","b","c","b","a","a","b","c","a","c","c","b","c","b"
"473","b","c","a","c","b","b","a","a","a","a","b","b","a","a","b","a","b","b","a","c"
"474","a","a","b","c","c","b","a","c","b","c","a","b","a","c","c","c","b","b","b","c"
"475","b","a","b","b","c","b","a","c","b","b","c","b","a","a","a","a","a","a","c","a"
"476","a","c","c","b","a","c","a","a","a","a","b","c","a","a","c","b","c","b","c","a"
"477","b","c","a","b","c","c","a","c","b","b","c","a","a","a","b","a","a","a","a","a"
"478","c","a","b","a","c","b","a","c","b","a","b","c","c","c","a","a","a","c","b","a"
"479","b","b","a","b","c","c","a","a","b","a","b","a","c","c","a","c","a","b","c","b"
"480","b","b","c","c","a","b","a","a","b","b","c","c","c","c","a","a","a","b","a","a"
"481","b","a","b","a","a","a","a","c","a","a","a","c","c","c","c","c","a","b","c","a"
"482","b","b","b","b","b","b","a","a","c","b","b","c","a","a","c","c","c","c","c","b"
"483","b","a","b","c","c","c","a","c","c","b","b","a","a","a","a","c","c","a","c","b"
"484","a","a","a","a","c","a","a","c","b","c","a","c","b","b","a","a","a","b","a","a"
"485","a","a","c","c","b","b","a","c","a","b","c","a","a","a","a","a","a","b","b","a"
"486","c","a","b","b","c","a","b","a","b","b","c","a","b","c","c","a","a","b","c","a"
"487","c","c","c","b","a","c","c","b","a","b","b","c","a","a","c","a","c","c","c","a"
"488","b","b","b","c","a","b","c","a","c","b","c","a","b","a","b","c","c","c","c","c"
"489","b","c","c","b","a","c","a","a","b","b","c","b","a","a","a","a","c","c","b","a"
"490","b","a","a","c","a","b","a","a","a","b","c","b","a","a","a","a","a","a","a","b"
"491","b","b","c","b","a","a","a","a","c","b","c","b","c","a","b","a","a","c","b","a"
"492","b","a","c","c","a","b","a","a","c","c","c","a","b","b","a","a","c","c","b","b"
"493","a","a","b","c","a","c","b","a","a","a","a","c","b","c","a","a","a","b","a","a"
"494","a","b","c","b","c","c","a","c","b","c","c","a","b","c","b","c","b","c","b","c"
"495","a","b","b","c","a","c","a","a","b","b","c","b","a","a","a","b","a","c","b","c"
"496","a","a","a","a","c","a","a","c","b","b","a","b","a","a","a","c","a","b","a","a"
"497","b","b","a","b","c","c","a","a","b","b","c","a","c","c","c","c","a","b","a","a"
"498","c","a","c","a","c","b","b","a","b","b","b","c","b","a","b","c","b","a","b","c"
"499","b","c","a","b","c","a","b","a","b","b","c","a","b","a","a","c","c","b","c","a"
"500","a","a","a","a","a","c","a","c","a","c","b","c","a","a","c","c","c","b","b","b"
"501","a","a","a","a","c","b","a","c","b","b","c","a","a","a","a","b","a","a","a","a"
"502","b","b","c","b","c","c","a","a","b","b","c","c","b","a","b","c","a","c","b","a"
"503","c","b","c","b","c","b","b","c","b","b","b","c","b","a","a","c","a","b","a","a"
"504","b","a","a","b","c","a","a","a","b","a","a","b","a","a","a","a","a","b","c","a"
"505","b","c","b","b","c","a","a","c","b","a","c","c","b","c","a","a","a","b","a","a"
"506","b","a","a","b","b","c","a","a","a","a","c","b","a","a","c","c","c","b","c","b"
"507","c","c","b","a","c","a","c","a","b","b","c","b","a","a","a","a","a","c","c","a"
"508","a","c","a","c","a","b","a","a","b","b","c","c","c","b","a","a","a","a","a","a"
"509","b","a","a","b","c","c","b","c","c","c","b","a","c","c","a","a","a","b","a","a"
"510","c","a","b","a","a","b","a","a","a","c","c","b","a","a","a","a","a","b","c","a"
"511","b","a","a","b","a","c","b","b","a","a","b","a","c","c","a","a","a","a","c","a"
"512","b","b","b","b","a","c","a","a","b","b","c","b","b","a","c","a","a","b","c","b"
"513","a","a","c","b","a","c","a","a","b","b","c","b","a","a","b","b","c","a","c","a"
"514","a","c","a","b","a","b","b","a","a","c","c","a","b","b","c","c","c","b","c","a"
"515","b","c","c","b","a","a","a","a","c","a","b","b","a","a","c","a","a","b","c","a"
"516","a","a","a","a","a","c","a","a","c","b","c","b","a","a","a","a","c","a","a","b"
"517","a","a","a","a","a","c","a","a","c","b","c","c","c","c","a","c","b","a","a","c"
"518","b","c","a","b","a","a","a","a","a","b","c","b","a","a","a","a","a","b","a","a"
"519","c","b","b","a","a","a","a","a","c","b","a","c","c","c","a","a","a","c","a","a"
"520","c","a","b","b","a","c","a","a","c","c","b","a","b","b","c","c","c","a","c","b"
"521","b","c","a","b","c","a","a","a","c","b","c","b","b","a","c","a","a","b","b","c"
"522","c","a","b","a","a","a","a","a","a","c","a","c","a","c","c","a","a","b","c","c"
"523","b","a","c","b","b","c","a","c","b","b","a","a","c","c","c","a","a","a","a","a"
"524","a","a","c","c","a","a","b","a","b","a","a","b","a","a","c","c","c","a","b","b"
"525","b","b","c","b","b","c","a","a","c","b","c","a","b","c","a","a","a","c","c","a"
"526","b","c","b","b","a","c","a","a","a","a","b","c","a","a","a","b","a","a","c","a"
"527","b","a","c","b","b","c","b","a","c","c","c","a","b","c","b","b","b","a","c","c"
"528","b","b","b","c","c","c","b","a","b","a","b","c","b","a","b","b","b","b","c","a"
"529","b","b","b","c","a","b","a","a","b","c","b","c","a","c","a","a","a","a","c","c"
"530","a","a","a","c","a","a","a","a","c","a","c","a","a","a","c","a","c","a","c","b"
"531","a","a","a","b","b","b","b","c","a","b","c","a","b","b","c","c","b","a","a","c"
"532","b","a","a","b","c","c","a","c","b","b","b","c","c","c","a","a","a","a","a","a"
"533","a","a","a","b","b","c","a","a","a","b","a","b","b","c","a","a","a","a","a","a"
"534","b","c","a","c","a","c","c","a","c","c","a","b","a","a","a","a","b","a","b","c"
"535","a","a","a","a","b","a","b","c","b","a","a","a","b","c","c","a","c","a","b","b"
"536","b","a","a","b","a","b","b","b","c","a","c","b","a","a","c","a","c","a","c","b"
"537","b","a","a","b","b","b","a","b","b","b","c","a","c","c","b","a","b","a","a","c"
"538","b","c","c","b","b","c","b","c","b","b","b","a","c","a","c","c","c","a","b","a"
"539","b","b","c","c","a","a","a","a","c","a","c","a","b","c","a","a","b","c","b","a"
"540","b","b","b","b","c","c","b","a","b","b","c","a","b","a","a","a","a","b","c","a"
"541","c","b","b","a","b","a","a","b","a","a","b","a","c","c","a","a","c","c","b","a"
"542","c","a","a","a","c","a","b","c","b","a","c","b","a","b","a","a","a","a","c","b"
"543","a","c","c","b","a","b","a","a","a","b","b","a","c","b","b","b","a","c","a","a"
"544","a","a","a","a","a","a","a","a","c","b","c","b","a","a","b","b","a","b","a","a"
"545","b","b","a","c","b","b","a","b","b","c","b","a","b","c","a","a","a","a","b","a"
"546","a","a","c","b","b","a","c","c","c","b","c","a","a","a","a","a","a","a","a","a"
"547","b","a","a","b","a","a","a","a","a","b","c","a","b","c","a","b","a","b","a","a"
"548","a","a","a","b","a","c","a","a","c","b","c","b","a","a","c","c","a","b","a","a"
"549","b","c","b","b","a","c","a","c","b","c","b","b","a","c","a","a","a","c","c","a"
"550","c","b","c","b","c","c","a","a","b","a","a","b","a","a","b","b","b","c","c","a"
"551","c","a","b","c","a","a","a","a","c","b","a","b","a","a","c","a","a","c","c","a"
"552","a","a","a","a","c","a","a","c","b","b","b","a","b","a","c","c","a","a","a","a"
"553","b","c","a","b","a","b","a","a","a","c","c","c","b","c","a","b","c","c","b","b"
"554","a","c","c","c","b","b","a","a","b","b","c","b","a","b","b","b","b","b","b","c"
"555","a","b","c","b","b","b","a","c","b","b","c","a","b","c","a","a","c","c","b","c"
"556","c","b","c","b","c","c","a","c","b","b","c","b","a","a","a","a","a","c","a","a"
"557","a","b","b","c","c","b","a","c","b","a","b","c","c","c","c","c","c","c","a","c"
"558","a","a","c","c","a","c","a","a","a","a","b","a","c","c","a","a","c","c","c","a"
"559","a","a","b","b","a","c","a","a","a","b","c","c","c","c","a","a","a","b","a","a"
"560","a","a","b","a","c","a","b","a","b","b","b","c","a","a","a","c","c","a","c","b"
"561","b","a","c","a","c","a","a","c","b","c","a","c","c","c","a","a","a","c","c","a"
"562","a","c","c","b","c","b","a","b","b","c","a","b","b","c","a","a","a","b","c","a"
"563","b","a","c","b","a","a","a","a","c","b","c","b","a","a","a","a","c","b","c","b"
"564","b","b","a","b","a","c","c","b","b","b","c","c","c","a","b","b","b","a","a","c"
"565","b","c","a","b","b","c","a","a","c","b","c","c","b","a","b","a","a","b","a","b"
"566","b","c","a","c","a","b","a","b","c","b","c","c","c","c","b","a","b","b","a","c"
"567","b","a","b","c","b","a","a","b","a","a","c","b","a","a","a","c","a","c","c","a"
"568","a","c","b","a","a","a","a","b","b","b","c","c","b","a","a","a","a","c","a","a"
"569","b","c","b","b","c","c","b","a","a","b","b","a","c","b","c","a","c","c","c","a"
"570","c","c","c","b","a","b","a","a","b","b","c","c","b","a","c","c","b","b","a","c"
"571","c","b","b","a","a","b","b","b","a","b","c","a","b","a","a","a","a","c","c","a"
"572","b","a","c","c","c","b","b","a","b","b","c","b","a","a","a","a","a","b","c","a"
"573","b","a","a","b","a","c","a","a","b","c","c","a","a","a","a","a","a","a","a","b"
"574","a","a","a","b","a","c","a","a","b","b","c","a","b","c","c","c","a","a","a","a"
"575","c","a","b","a","b","b","b","a","b","b","a","a","b","a","a","a","a","a","c","a"
"576","c","c","c","a","c","a","c","a","b","a","c","c","c","c","c","a","c","b","b","a"
"577","a","b","c","b","c","b","c","c","b","b","c","a","b","a","a","b","c","c","b","a"
"578","a","a","b","a","c","a","b","c","b","c","c","c","c","a","b","b","b","c","b","c"
"579","a","a","a","a","a","a","b","b","a","b","c","a","b","a","a","a","c","a","a","b"
"580","c","b","c","b","a","c","a","b","b","b","c","b","a","a","b","b","b","c","b","a"
"581","a","b","b","b","b","a","b","c","c","b","c","a","b","a","a","c","a","a","a","a"
"582","b","a","a","c","c","a","a","c","b","b","b","c","a","a","a","a","c","a","a","b"
"583","b","a","a","b","b","a","b","c","b","b","c","c","c","c","c","a","c","a","b","b"
"584","b","a","a","c","c","b","a","a","b","b","b","c","a","a","a","a","a","a","c","a"
"585","a","c","c","c","a","c","a","a","a","b","b","c","c","c","a","a","a","b","a","a"
"586","b","c","c","b","c","c","a","b","c","c","b","b","a","c","a","b","a","c","b","a"
"587","a","a","a","c","b","b","a","b","b","c","a","c","b","c","c","b","c","b","b","b"
"588","a","c","c","b","a","c","a","a","a","b","b","c","a","c","b","c","b","b","b","c"
"589","c","c","c","c","a","b","a","a","b","b","c","c","c","c","a","a","a","a","a","a"
"590","b","a","c","b","c","c","a","c","b","c","b","c","b","b","c","c","a","c","c","c"
"591","c","b","b","a","a","a","b","a","c","a","b","b","a","a","a","a","c","c","a","a"
"592","c","b","b","a","a","a","b","b","b","b","c","a","b","a","a","a","a","c","c","a"
"593","a","a","c","c","a","a","a","a","b","c","a","c","c","c","a","c","a","a","c","a"
"594","a","c","c","c","a","b","a","a","a","b","c","a","b","a","a","a","a","c","b","a"
"595","a","c","a","a","c","a","c","c","a","b","c","b","a","a","b","b","b","c","a","b"
"596","b","c","a","c","c","b","b","a","b","b","c","c","c","b","a","a","c","b","c","a"
"597","b","a","a","b","c","b","a","c","b","c","b","c","a","c","b","a","b","b","b","a"
"598","a","c","a","b","a","a","a","a","a","c","b","c","b","a","a","c","c","b","c","a"
"599","a","a","a","a","b","b","a","a","b","c","b","a","b","b","a","a","b","b","b","a"
"600","a","a","a","a","c","a","a","c","b","b","c","c","b","a","a","a","c","b","a","b"
"601","b","a","c","a","c","a","b","a","b","b","c","c","c","c","b","b","b","a","b","c"
"602","b","a","a","b","a","c","a","a","b","b","c","a","b","a","c","c","a","a","a","a"
"603","a","b","c","b","c","b","c","a","b","c","c","c","b","b","a","a","a","c","b","a"
"604","b","a","a","b","a","c","a","a","c","b","c","a","b","a","c","c","c","a","a","b"
"605","a","c","c","b","b","b","a","a","b","a","c","a","a","a","b","b","a","b","c","a"
"606","a","c","a","c","c","b","a","a","b","b","a","b","a","a","a","a","a","a","a","c"
"607","a","a","a","b","b","c","b","c","c","b","c","c","b","c","a","c","c","c","a","c"
"608","a","b","a","b","a","b","a","a","b","c","c","a","c","c","b","c","b","a","b","c"
"609","b","b","a","b","c","c","a","c","b","b","c","b","a","a","a","a","a","a","a","b"
"610","a","c","a","b","a","c","a","b","a","a","b","c","b","b","c","c","c","b","b","a"
"611","b","a","a","b","b","c","a","b","b","b","c","c","a","a","b","b","a","b","b","a"
"612","c","b","c","a","b","a","a","b","c","b","c","a","c","c","a","a","a","a","b","a"
"613","b","a","c","b","c","c","a","c","b","a","c","b","c","c","b","b","a","a","a","c"
"614","b","a","a","b","b","c","c","a","a","a","c","b","a","c","a","a","a","b","a","a"
"615","c","c","c","b","a","c","a","a","b","b","b","b","a","a","a","c","a","c","a","a"
"616","c","c","a","b","b","c","b","a","c","a","b","c","a","a","b","c","a","c","c","a"
"617","a","b","a","a","a","b","b","a","a","b","c","a","b","a","a","a","a","a","a","a"
"618","b","a","a","c","a","c","b","a","b","c","a","b","c","b","a","a","a","a","b","a"
"619","b","a","a","b","a","c","a","a","a","c","c","c","b","c","a","a","a","a","a","a"
"620","b","b","a","b","a","c","a","a","b","c","a","b","a","a","b","b","b","c","b","a"
"621","c","b","a","b","b","c","a","b","c","b","c","a","a","a","a","c","a","a","a","a"
"622","b","b","b","b","a","b","a","a","b","b","c","c","b","a","b","c","b","c","c","a"
"623","c","a","c","b","a","b","a","a","a","b","c","c","c","c","c","c","c","c","b","b"
"624","b","a","c","b","a","c","a","a","c","b","c","a","b","a","a","a","a","a","b","a"
"625","a","c","a","b","b","c","a","b","b","c","c","b","a","c","c","c","a","b","c","a"
"626","b","b","b","b","b","c","a","b","c","b","c","b","a","a","c","a","c","c","c","a"
"627","a","a","a","b","c","a","b","a","b","b","c","c","b","c","a","c","a","b","a","a"
"628","b","b","b","b","a","c","a","a","b","b","c","b","a","a","c","a","c","c","c","a"
"629","b","c","b","b","b","c","a","b","a","b","c","a","b","c","c","c","b","b","b","b"
"630","a","b","a","b","c","c","a","c","b","a","c","c","b","a","a","c","c","b","c","c"
"631","c","a","b","b","c","c","a","c","c","c","a","b","a","c","a","c","c","a","c","b"
"632","a","c","a","b","a","b","b","a","b","b","c","a","b","a","a","a","c","b","a","a"
"633","a","b","a","b","c","b","b","a","b","c","b","c","b","b","a","a","a","b","b","a"
"634","c","b","c","b","c","c","a","c","b","b","c","b","a","a","a","b","c","c","b","b"
"635","b","a","b","a","a","a","a","a","a","a","a","b","c","c","c","c","c","a","c","b"
"636","a","a","a","a","c","a","a","a","c","b","c","b","a","a","a","a","a","a","a","a"
"637","a","a","a","a","c","a","b","a","a","c","a","a","b","c","a","a","a","a","a","b"
"638","a","b","b","b","c","c","a","b","b","a","b","c","a","a","a","c","c","c","c","a"
"639","a","b","a","b","a","a","b","b","c","b","c","a","b","b","a","a","c","b","a","a"
"640","b","a","a","b","b","c","a","b","b","b","b","c","a","a","c","a","a","a","a","a"
"641","a","b","c","b","a","c","a","a","b","b","c","b","a","b","c","a","c","c","b","a"
"642","a","a","a","a","c","a","a","c","a","c","b","c","a","a","a","a","a","a","c","a"
"643","c","b","c","a","a","c","a","a","b","c","c","b","a","a","a","b","c","a","c","a"
"644","a","a","a","b","a","c","b","b","a","b","c","a","b","a","a","a","a","a","a","a"
"645","a","a","a","a","c","a","a","c","b","b","c","c","a","a","b","c","b","b","a","b"
"646","a","c","a","b","a","c","b","a","b","b","c","a","a","a","a","a","a","b","c","c"
"647","c","a","a","c","c","c","a","c","b","b","c","c","c","a","c","a","b","b","c","a"
"648","c","a","b","b","c","c","c","a","b","b","c","a","a","a","a","a","c","c","c","b"
"649","b","a","a","b","c","c","a","c","c","b","c","a","b","a","c","c","c","a","a","b"
"650","a","c","a","c","c","c","a","c","b","c","b","c","b","b","a","a","a","c","b","c"
"651","a","a","a","a","c","a","a","b","b","b","a","c","c","c","a","c","a","a","a","a"
"652","a","a","a","b","a","a","a","a","c","b","c","c","c","c","a","c","a","b","a","a"
"653","b","c","a","b","a","c","a","c","b","a","b","c","a","a","c","a","a","a","c","a"
"654","a","c","a","b","a","c","a","a","b","b","c","c","a","a","c","a","a","c","a","b"
"655","b","a","a","c","c","b","a","c","b","c","c","b","a","a","c","c","b","a","b","c"
"656","a","a","a","b","a","b","a","a","a","b","c","a","b","a","c","c","a","a","a","a"
"657","b","a","a","c","b","a","c","c","c","b","c","b","a","a","c","c","a","a","a","a"
"658","b","c","c","b","b","c","a","b","c","b","c","b","a","a","c","a","c","c","a","a"
"659","a","a","a","b","a","b","a","a","a","b","b","c","c","c","a","a","a","a","a","a"
"660","b","a","c","c","c","a","a","a","a","c","c","b","a","a","c","a","a","c","c","b"
"661","c","a","c","a","a","a","a","a","b","b","c","a","b","b","a","a","b","b","b","c"
"662","a","c","b","b","a","b","a","a","a","b","c","a","c","c","a","a","a","c","b","a"
"663","a","a","a","a","a","b","a","a","c","a","b","a","b","c","a","b","a","a","c","a"
"664","b","a","a","b","c","c","a","a","b","c","a","a","c","b","b","c","b","a","b","a"
"665","a","c","a","b","a","b","a","a","b","a","c","b","a","a","a","a","a","a","c","a"
"666","a","c","b","c","c","b","a","a","b","b","b","c","b","a","c","c","c","b","c","a"
"667","c","a","c","b","a","b","a","a","c","c","a","b","a","a","b","b","c","b","c","b"
"668","c","a","c","a","b","b","a","b","a","b","c","b","a","b","a","a","a","a","a","a"
"669","a","c","c","b","c","a","a","c","b","b","a","a","b","a","a","a","c","b","b","a"
"670","b","a","b","b","b","c","a","c","b","b","c","a","b","c","c","a","c","a","c","b"
"671","a","a","b","b","c","c","a","c","b","a","c","a","b","a","b","b","a","c","a","c"
"672","b","c","a","b","c","b","a","c","a","a","c","a","b","c","a","b","a","b","c","a"
"673","a","a","a","c","a","a","b","c","b","c","a","b","a","a","a","a","a","b","c","c"
"674","b","a","c","b","b","c","a","b","c","b","c","b","a","a","c","a","c","a","b","b"
"675","a","b","b","c","a","a","a","a","b","b","c","a","b","b","c","a","c","a","c","a"
"676","b","a","b","b","c","c","b","c","c","c","b","c","a","c","c","c","c","c","c","b"
"677","c","b","b","a","c","b","b","a","b","b","c","c","a","a","a","a","a","c","c","a"
"678","c","b","b","b","c","c","a","c","b","b","b","c","a","a","c","a","c","c","c","a"
"679","b","a","a","b","c","a","a","b","b","c","c","b","a","a","b","b","c","a","a","b"
"680","b","c","c","b","a","a","a","a","b","a","b","c","b","c","a","c","a","c","b","c"
"681","a","c","c","b","c","b","b","a","c","b","c","b","c","a","a","a","a","b","b","a"
"682","b","a","a","b","a","b","a","a","b","b","c","b","a","a","a","a","a","a","a","a"
"683","c","a","a","b","b","c","a","b","c","b","a","b","a","a","a","a","a","a","a","c"
"684","a","a","a","a","a","c","a","a","a","b","c","b","a","a","c","a","a","a","a","a"
"685","c","a","c","a","a","a","a","a","c","c","b","c","b","b","a","b","a","b","c","a"
"686","a","b","c","c","c","b","a","c","b","b","b","c","a","a","a","a","c","c","c","a"
"687","a","b","a","b","b","b","a","b","b","a","b","c","a","a","a","a","a","a","c","a"
"688","c","a","c","b","a","b","b","b","c","c","c","c","c","b","c","c","c","b","c","c"
"689","b","a","a","b","b","a","a","b","c","c","a","a","c","b","c","a","a","a","b","a"
"690","c","a","b","b","a","c","a","a","b","c","c","a","b","c","a","a","c","c","c","b"
"691","a","a","b","c","a","a","a","a","b","b","c","a","b","a","c","c","b","b","b","a"
"692","b","b","c","b","a","a","a","a","c","b","c","a","b","c","a","a","a","b","b","a"
"693","b","a","a","c","c","a","a","c","b","a","a","b","a","c","b","b","b","a","b","a"
"694","b","a","b","b","c","a","b","a","b","b","c","a","b","a","a","c","a","a","b","a"
"695","a","a","a","a","c","a","a","c","b","a","c","b","a","a","a","c","c","a","c","b"
"696","c","c","b","b","c","b","a","c","a","b","c","a","b","a","c","a","c","c","c","a"
"697","c","b","c","b","a","c","b","b","c","b","c","b","a","a","c","c","c","c","b","a"
"698","c","c","b","a","c","a","b","a","b","a","a","a","c","c","a","a","a","c","a","a"
"699","c","c","c","a","c","a","a","c","a","b","c","c","c","a","c","a","c","c","c","a"
"700","c","a","c","a","a","a","a","a","a","b","c","c","b","a","c","c","c","b","c","b"
"701","b","c","a","b","b","a","a","a","b","b","c","c","c","c","a","a","a","b","a","b"
"702","a","c","c","c","b","a","a","b","b","a","c","b","a","a","a","a","a","b","b","a"
"703","b","c","c","b","a","a","a","a","a","b","c","a","a","a","c","a","c","b","b","a"
"704","c","a","c","b","c","c","c","c","c","b","c","a","b","a","c","c","a","c","c","c"
"705","a","a","a","a","b","c","a","a","a","a","b","a","b","a","a","a","a","a","c","a"
"706","b","a","c","b","c","c","c","b","b","c","a","b","a","a","c","c","c","b","c","b"
"707","a","b","b","c","b","a","a","b","b","c","c","a","b","a","a","a","c","a","c","a"
"708","a","a","b","c","a","b","a","a","b","b","b","c","a","a","a","a","c","b","c","b"
"709","b","a","c","b","a","a","c","b","b","b","a","b","a","a","a","c","a","a","a","a"
"710","a","c","a","c","b","c","a","c","b","c","b","c","a","a","a","b","a","a","a","a"
"711","b","c","b","b","a","c","a","a","a","b","c","a","b","a","b","c","a","c","c","a"
"712","c","c","a","b","a","c","a","a","c","b","c","c","b","a","c","c","c","b","a","a"
"713","b","b","a","a","c","b","a","c","b","b","b","c","a","a","a","c","a","c","a","a"
"714","a","a","a","b","a","b","a","a","b","a","c","a","c","b","a","a","a","a","c","b"
"715","b","a","c","a","c","b","b","a","b","b","c","c","a","a","a","b","c","c","c","b"
"716","a","a","a","b","a","c","c","a","a","b","c","b","a","a","b","c","b","a","b","c"
"717","c","c","b","a","c","a","a","c","b","b","c","c","c","c","a","b","a","c","c","a"
"718","b","c","a","b","b","c","a","b","b","b","c","a","c","a","a","b","c","b","a","a"
"719","c","c","c","a","b","b","b","c","c","c","b","c","a","a","c","c","a","c","a","a"
"720","b","a","a","b","c","c","a","c","b","c","b","c","a","a","a","c","a","a","a","a"
"721","a","a","a","a","c","c","c","c","b","b","c","a","b","a","b","c","a","c","a","a"
"722","b","b","a","b","a","c","a","a","a","b","a","b","a","a","c","c","c","b","a","a"
"723","a","a","b","a","a","a","a","a","a","b","c","b","a","a","a","b","a","a","a","a"
"724","a","c","a","a","a","a","a","a","c","c","a","b","a","a","c","a","c","b","a","a"
"725","c","a","b","b","b","a","a","b","b","a","c","b","a","b","c","c","c","c","c","b"
"726","c","b","b","a","a","a","a","a","c","b","a","b","a","a","c","a","c","c","c","a"
"727","c","a","a","b","c","a","a","c","b","c","a","b","a","b","c","a","b","a","b","b"
"728","b","a","a","b","b","c","a","c","c","b","c","b","a","a","b","a","b","b","b","c"
"729","a","b","a","b","b","c","c","b","c","b","c","b","a","a","c","a","c","a","a","a"
"730","b","c","c","c","b","b","a","a","a","b","b","c","a","a","b","c","b","c","b","b"
"731","c","a","c","b","a","c","a","c","c","b","c","c","b","c","c","a","c","a","a","b"
"732","a","c","b","a","b","a","a","a","b","b","b","c","a","a","a","a","c","b","c","a"
"733","b","a","a","c","b","a","a","b","b","a","b","c","c","c","b","b","c","a","c","c"
"734","c","a","b","b","a","c","a","a","a","b","c","c","b","a","b","b","a","c","c","a"
"735","b","c","c","b","b","b","a","a","c","b","c","c","b","c","b","b","b","c","b","b"
"736","b","a","a","b","c","a","b","a","b","b","c","b","a","a","b","b","a","b","a","a"
"737","c","a","c","b","a","a","a","a","a","b","b","c","c","a","a","c","a","b","a","a"
"738","a","a","a","b","b","c","a","b","a","a","b","c","a","a","c","c","a","a","c","a"
"739","a","c","a","c","a","a","a","a","a","a","c","c","c","c","c","a","c","b","c","a"
"740","b","b","a","b","c","a","a","c","b","b","c","b","a","a","b","a","a","b","c","a"
"741","b","a","a","b","c","c","a","a","b","b","c","a","b","a","b","b","a","a","a","a"
"742","b","b","c","b","a","c","a","a","b","c","a","b","a","a","a","a","c","a","c","a"
"743","a","c","b","c","a","b","a","a","b","b","a","a","c","c","c","a","c","c","c","a"
"744","c","b","b","a","a","b","a","a","c","c","c","a","b","b","b","b","b","c","c","b"
"745","a","a","c","b","a","c","a","a","b","b","b","c","a","a","b","a","b","a","b","a"
"746","c","b","a","b","b","c","a","a","c","b","a","b","a","a","c","a","b","a","a","c"
"747","b","c","a","b","a","a","a","b","a","b","c","a","b","a","b","c","b","b","a","b"
"748","a","a","a","a","c","b","a","c","b","b","c","c","b","a","a","b","a","a","a","a"
"749","c","c","b","b","a","c","b","b","c","b","c","a","b","a","c","c","a","c","b","a"
"750","b","c","c","c","c","b","a","a","c","b","c","a","b","a","b","b","a","b","b","a"
"751","b","a","c","a","c","c","b","a","a","c","c","a","b","b","a","a","a","a","c","a"
"752","b","c","b","b","b","c","b","c","c","b","a","b","b","b","a","a","c","c","c","a"
"753","b","c","a","b","a","c","a","a","b","b","c","b","a","a","a","c","a","b","b","a"
"754","a","a","a","a","a","a","a","a","c","a","b","c","c","c","a","a","a","a","c","a"
"755","b","b","b","c","a","a","b","b","a","b","c","c","c","c","a","a","a","c","c","a"
"756","a","c","a","b","c","c","b","a","c","c","b","a","c","c","b","b","b","b","b","b"
"757","b","a","c","b","a","c","a","a","c","b","c","c","c","c","a","a","a","c","b","b"
"758","b","a","b","b","b","b","a","a","b","a","b","c","b","c","a","c","a","c","c","a"
"759","a","a","a","c","b","a","a","b","b","b","c","b","a","a","b","b","c","a","a","b"
"760","a","b","a","a","a","b","a","a","b","b","c","a","b","a","a","c","a","b","a","a"
"761","b","a","a","c","c","b","a","c","b","b","c","c","c","c","b","c","b","b","a","c"
"762","b","a","c","b","a","a","a","a","b","c","c","a","b","b","c","a","c","c","c","b"
"763","a","a","a","a","b","a","a","a","c","b","c","a","b","b","c","c","a","a","a","a"
"764","c","b","b","b","a","c","a","a","a","b","c","c","c","c","a","a","a","b","c","a"
"765","b","b","c","c","b","b","a","a","b","b","c","a","b","c","a","b","a","b","c","a"
"766","b","a","a","c","b","b","a","b","b","b","c","b","b","c","a","a","a","a","a","a"
"767","a","a","a","b","c","b","a","a","b","c","a","b","b","a","a","a","a","a","b","b"
"768","a","c","b","c","c","b","b","c","a","b","c","c","c","b","a","a","c","b","c","a"
"769","c","c","c","a","c","a","b","a","b","b","c","b","a","a","a","a","a","c","b","c"
"770","c","b","a","a","b","a","b","a","c","b","c","a","a","a","c","a","a","b","a","a"
"771","b","c","b","c","a","a","a","a","c","b","c","c","b","a","a","a","a","c","b","a"
"772","b","a","b","b","a","c","a","a","a","b","c","c","b","a","a","c","a","b","c","a"
"773","a","c","a","a","c","b","a","c","b","b","c","c","b","c","a","a","a","b","a","c"
"774","c","b","b","b","a","c","a","a","c","b","c","c","b","c","b","b","a","c","c","a"
"775","a","b","c","b","a","c","b","b","b","b","c","c","c","c","a","c","a","c","a","a"
"776","b","c","b","a","a","b","a","a","a","b","c","a","b","a","a","b","a","c","c","a"
"777","a","c","a","b","b","c","a","b","c","b","c","c","c","c","a","a","a","c","a","a"
"778","b","a","b","b","a","c","b","a","b","a","c","b","b","a","c","c","a","b","c","a"
"779","b","c","b","c","c","a","b","a","c","b","a","b","a","a","a","b","a","c","b","a"
"780","b","c","a","b","b","c","a","b","c","b","c","b","b","c","a","a","a","c","a","a"
"781","b","c","a","c","a","b","a","a","c","b","c","b","a","a","c","c","b","b","b","b"
"782","a","a","c","c","b","b","a","b","b","b","c","c","b","b","a","a","a","a","b","a"
"783","c","c","a","b","b","c","a","b","c","b","a","b","b","a","b","a","a","b","a","a"
"784","a","a","a","a","a","b","a","a","a","b","c","a","b","a","b","b","b","a","b","c"
"785","c","a","c","a","a","a","a","a","a","b","c","a","b","a","b","c","b","b","a","c"
"786","b","c","b","c","c","a","a","c","b","a","a","b","a","a","a","b","a","b","a","a"
"787","b","a","a","b","c","b","a","a","b","b","a","b","a","b","b","b","b","a","a","c"
"788","b","c","c","b","a","c","a","a","c","b","c","a","b","c","c","c","c","b","a","a"
"789","b","c","b","b","b","c","a","b","b","c","a","c","c","c","c","c","c","c","c","a"
"790","b","a","c","a","a","b","a","a","a","c","c","a","b","c","a","a","c","b","c","b"
"791","a","a","a","c","b","b","a","b","a","a","c","c","c","b","c","a","c","a","c","b"
"792","b","a","c","b","b","a","a","b","c","b","c","b","a","a","a","a","a","a","b","b"
"793","a","a","a","b","c","b","a","c","c","c","c","a","b","c","b","c","b","a","b","c"
"794","a","a","a","a","a","a","a","a","c","c","b","c","b","b","a","a","b","a","a","c"
"795","b","c","c","a","a","b","a","a","a","a","b","a","b","a","a","a","b","b","c","b"
"796","b","a","a","b","a","c","a","a","a","a","b","c","a","a","a","b","c","b","c","b"
"797","c","a","b","a","b","c","a","a","b","a","b","c","b","c","c","a","b","c","c","c"
"798","a","b","c","b","a","c","a","a","b","b","b","a","b","a","b","a","b","b","a","a"
"799","b","b","b","c","a","c","a","a","b","a","c","a","c","c","b","b","a","c","b","a"
"800","b","a","c","c","a","b","a","a","c","b","c","b","a","a","b","b","b","b","b","c"
"801","b","c","b","c","c","b","b","a","a","b","c","b","a","a","c","c","b","c","b","b"
"802","b","c","c","b","b","c","a","c","c","b","a","b","a","a","c","a","b","c","b","c"
"803","a","a","a","b","b","c","a","b","b","b","c","a","b","a","a","a","a","a","a","a"
"804","b","a","a","b","a","c","a","a","a","b","c","b","a","a","b","b","a","a","a","b"
"805","c","c","c","c","a","c","a","a","a","c","a","c","c","c","c","a","c","c","c","a"
"806","b","c","c","a","a","a","a","a","a","b","c","a","c","c","b","b","a","c","a","a"
"807","a","a","a","a","a","a","a","a","c","b","a","b","a","a","a","a","a","a","a","a"
"808","c","c","b","b","c","a","a","a","b","b","c","a","b","c","c","c","b","c","a","b"
"809","b","a","a","b","a","b","a","a","b","b","c","b","a","a","b","c","b","a","a","c"
"810","c","a","c","b","c","b","a","a","b","b","c","b","b","b","a","a","a","a","b","a"
"811","b","b","b","b","c","c","a","c","b","b","c","b","a","a","a","a","c","c","c","b"
"812","a","c","a","a","c","a","a","c","b","b","c","b","a","a","a","a","a","b","a","a"
"813","c","c","c","a","a","b","a","a","c","b","b","c","a","a","a","b","c","b","c","a"
"814","b","c","b","b","a","c","a","a","c","b","c","a","b","a","a","b","c","c","c","a"
"815","a","a","c","b","b","a","b","b","b","b","c","a","b","a","a","a","c","a","a","b"
"816","c","c","b","b","a","b","a","a","a","b","c","a","b","c","a","a","c","c","c","a"
"817","b","a","a","b","b","c","c","b","b","c","a","b","a","a","a","a","a","b","c","b"
"818","a","c","a","c","a","b","a","a","a","a","c","a","b","c","b","b","a","b","c","a"
"819","b","a","b","b","a","a","a","a","b","b","c","a","b","a","b","b","a","b","c","a"
"820","a","c","a","b","a","a","a","a","b","b","c","a","b","a","b","b","b","b","a","a"
"821","a","a","a","a","c","c","b","a","b","b","b","c","b","a","a","a","b","b","a","c"
"822","a","b","c","b","a","a","a","a","b","a","b","c","b","c","a","a","a","c","a","a"
"823","a","a","b","c","c","b","a","c","b","b","c","a","b","a","a","a","a","a","a","a"
"824","a","c","c","c","b","b","b","a","b","b","c","a","c","b","b","b","b","c","a","b"
"825","a","a","a","a","b","b","a","b","c","c","b","c","a","a","a","a","a","a","b","a"
"826","b","c","b","c","b","a","b","c","c","b","c","b","a","b","c","c","c","c","c","a"
"827","a","a","c","c","b","a","a","b","b","b","c","b","a","a","c","c","c","b","c","c"
"828","a","b","a","b","c","b","b","a","b","a","c","a","a","a","a","a","c","b","a","a"
"829","b","c","c","b","a","c","b","b","b","c","a","b","a","a","a","a","c","b","b","a"
"830","b","c","c","c","b","b","a","b","b","c","b","a","b","c","c","c","c","c","c","a"
"831","b","b","a","b","c","c","b","a","b","b","b","a","b","a","a","a","c","b","a","a"
"832","b","a","b","b","b","c","b","c","c","c","c","a","b","c","c","c","c","b","a","b"
"833","a","a","a","a","a","c","a","a","c","b","c","b","a","a","c","a","a","a","a","a"
"834","c","a","c","b","a","c","b","b","a","b","c","c","c","b","c","c","c","a","b","b"
"835","a","b","b","b","c","c","b","a","b","b","c","a","b","a","a","b","c","c","c","a"
"836","c","b","b","b","a","b","a","c","a","b","c","a","b","a","b","c","a","a","b","a"
"837","b","a","a","b","b","c","a","b","a","b","c","c","b","b","a","b","a","b","a","a"
"838","a","c","a","b","a","c","a","a","a","a","c","c","c","c","c","b","b","b","b","c"
"839","c","a","c","a","a","a","a","a","b","b","c","c","c","c","a","a","a","b","a","a"
"840","b","b","c","c","b","b","a","b","a","b","c","b","a","a","c","a","c","c","b","a"
"841","a","a","c","b","c","a","a","a","b","b","c","a","b","a","c","c","c","a","b","b"
"842","a","a","c","b","c","c","a","b","b","c","a","b","a","a","a","a","a","a","c","b"
"843","b","b","c","b","a","c","a","a","a","b","c","a","b","c","a","a","b","c","b","c"
"844","a","a","a","c","c","b","a","c","b","b","c","b","a","b","a","a","a","a","a","a"
"845","b","c","c","c","a","b","a","a","b","b","b","c","a","a","b","b","b","c","b","b"
"846","b","c","a","c","a","c","b","a","b","b","c","a","c","a","a","a","c","a","a","a"
"847","b","a","a","b","b","c","c","b","c","c","c","b","a","c","a","a","c","a","b","a"
"848","c","a","c","a","a","a","a","a","a","b","c","c","a","a","a","a","a","b","a","a"
"849","a","b","a","c","a","a","a","a","a","b","c","b","a","a","a","a","c","c","a","a"
"850","b","a","a","b","a","b","b","b","a","a","c","a","a","a","c","c","c","a","c","a"
"851","c","b","b","c","c","c","a","c","b","b","c","a","b","c","b","a","a","b","c","a"
"852","a","a","a","b","c","a","b","a","b","b","c","a","c","c","a","a","a","a","c","a"
"853","a","a","a","b","b","c","a","b","b","c","c","c","c","b","c","c","c","b","a","b"
"854","b","a","a","b","a","c","a","a","c","b","b","a","c","a","b","c","a","a","a","a"
"855","c","a","c","b","a","b","b","c","b","a","b","a","c","c","a","a","a","a","c","a"
"856","a","b","a","b","c","c","b","a","b","a","a","c","b","c","c","c","c","c","c","a"
"857","b","a","c","b","b","a","a","b","b","b","c","a","b","a","b","b","b","c","b","c"
"858","b","a","a","b","b","c","a","b","c","b","b","c","a","a","a","a","a","b","a","a"
"859","b","c","b","b","a","c","a","a","b","b","b","c","b","c","a","a","a","c","c","c"
"860","b","a","a","b","b","c","a","b","b","b","c","b","a","a","a","c","a","a","b","a"
"861","a","a","a","a","a","a","b","c","a","a","b","c","c","c","a","c","a","c","c","c"
"862","b","c","a","b","a","b","a","a","c","c","b","c","c","c","c","a","c","b","b","a"
"863","c","a","a","b","c","a","b","a","b","b","c","a","b","c","a","a","a","a","a","a"
"864","b","a","c","b","c","b","a","a","b","b","c","b","a","a","b","a","b","b","b","c"
"865","c","c","b","b","c","a","a","c","b","b","c","b","a","a","b","b","b","c","a","c"
"866","b","c","c","b","b","a","a","b","b","b","c","a","a","a","c","c","b","c","b","b"
"867","a","a","a","b","c","a","a","b","b","b","b","c","a","a","b","b","b","a","a","c"
"868","c","c","b","b","c","c","b","a","b","b","c","b","b","a","c","a","c","b","c","a"
"869","b","a","b","b","b","c","b","a","a","b","c","c","c","c","b","b","a","a","c","a"
"870","b","a","a","b","a","c","a","a","b","b","b","c","a","a","b","b","b","b","b","c"
"871","b","a","a","c","a","b","a","a","a","b","a","a","a","a","c","c","c","a","c","b"
"872","b","c","a","b","b","b","a","b","a","b","c","c","b","a","c","c","c","b","a","a"
"873","b","c","a","b","a","b","a","a","a","a","b","c","a","a","a","c","c","b","c","a"
"874","a","a","c","b","a","c","a","a","b","c","c","a","c","c","a","a","a","a","a","a"
"875","b","a","a","b","a","c","a","a","b","b","c","a","c","b","b","b","b","a","b","c"
"876","c","a","a","b","a","a","b","a","b","b","c","b","a","a","c","a","c","a","a","b"
"877","a","b","b","c","b","a","a","b","a","c","a","b","a","c","c","a","c","b","c","a"
"878","a","c","a","b","b","c","a","b","c","a","b","c","c","c","a","c","c","b","c","a"
"879","a","a","a","a","c","b","a","c","c","b","c","b","a","a","b","c","a","b","a","a"
"880","b","a","a","c","c","a","a","c","c","c","a","b","a","a","b","b","a","b","a","a"
"881","b","c","a","c","a","c","a","a","a","b","c","a","b","a","c","a","a","c","a","a"
"882","b","a","a","c","b","b","a","b","a","b","c","b","a","a","c","c","a","a","a","b"
"883","c","a","c","b","c","c","b","a","a","b","c","b","a","a","a","a","c","a","b","b"
"884","c","c","c","a","a","b","a","a","b","a","b","a","c","c","c","a","c","c","c","a"
"885","a","a","a","c","a","b","a","a","c","b","c","c","c","b","b","b","b","a","a","c"
"886","b","c","c","c","a","c","a","a","b","b","a","b","a","a","a","a","b","b","b","c"
"887","b","a","b","c","a","a","a","a","b","b","c","a","b","c","a","c","c","a","c","b"
"888","a","a","a","a","a","b","a","a","c","b","c","a","b","a","a","a","a","b","a","a"
"889","b","c","c","c","a","a","a","a","c","a","b","c","c","c","a","a","c","c","c","a"
"890","c","c","a","b","a","b","a","a","a","c","c","b","a","a","c","a","c","c","b","b"
"891","a","a","a","c","b","b","c","c","b","c","a","b","a","a","a","a","a","b","b","c"
"892","a","a","a","c","b","b","b","c","b","b","c","c","c","c","a","c","c","a","a","a"
"893","c","c","c","a","a","b","a","a","b","b","c","a","b","c","c","c","b","c","b","b"
"894","c","c","a","b","c","b","a","a","b","b","b","c","a","a","a","a","c","b","a","a"
"895","b","a","a","b","b","c","a","a","b","b","c","b","a","a","a","a","a","b","b","a"
"896","b","a","b","b","a","c","a","a","b","a","b","c","a","b","a","c","c","b","a","c"
"897","a","b","a","a","b","c","a","a","c","a","c","a","b","c","a","a","a","c","c","a"
"898","b","a","a","b","a","b","a","c","b","c","b","c","a","a","b","b","a","a","b","a"
"899","a","a","c","b","a","c","a","a","b","b","b","c","c","b","a","b","a","b","b","b"
"900","b","a","a","b","b","c","c","c","b","b","c","c","b","a","c","a","c","c","c","b"
"901","a","c","a","a","c","a","b","a","b","b","c","b","a","a","c","c","b","b","a","b"
"902","a","a","c","a","a","b","a","a","c","b","c","b","b","b","a","c","a","a","a","a"
"903","b","a","a","c","b","b","a","a","c","c","c","a","b","b","a","a","a","c","a","a"
"904","a","b","a","b","a","c","a","a","c","b","c","a","b","c","b","b","b","a","b","c"
"905","a","b","c","c","a","a","a","a","b","c","c","b","a","b","a","c","c","b","b","a"
"906","a","c","b","b","a","a","a","a","a","b","c","c","c","a","a","c","c","c","c","a"
"907","a","c","a","b","c","b","a","c","b","b","c","c","c","b","c","c","a","b","a","c"
"908","b","b","c","b","a","b","a","a","c","c","b","c","c","c","b","b","a","b","c","b"
"909","a","a","c","c","a","a","a","a","c","b","c","a","b","c","c","a","a","c","c","b"
"910","a","a","a","a","c","a","c","c","b","b","c","a","c","c","a","a","b","a","a","c"
"911","b","c","c","b","c","a","a","c","a","a","b","c","b","b","b","b","a","c","c","a"
"912","a","b","a","a","b","a","b","c","b","b","a","b","a","a","a","a","a","b","a","a"
"913","a","a","a","c","a","a","a","a","c","b","b","c","a","a","b","c","b","b","a","c"
"914","a","c","a","a","a","a","b","b","b","c","c","b","b","b","b","b","b","b","b","a"
"915","c","b","b","a","c","c","a","c","b","b","c","a","b","a","a","a","b","b","a","a"
"916","c","b","b","b","a","c","a","a","c","b","b","a","a","a","a","c","c","c","c","a"
"917","c","a","b","a","a","b","a","a","c","b","c","b","a","c","a","a","a","a","c","a"
"918","b","c","b","c","b","a","a","b","b","b","b","c","c","c","a","a","c","c","c","a"
"919","b","c","b","c","a","c","a","a","b","b","b","c","a","a","c","c","c","c","c","a"
"920","c","c","b","b","a","b","a","a","c","b","b","b","a","a","a","b","a","b","a","a"
"921","c","b","b","a","a","a","a","a","a","a","a","b","c","c","c","c","a","c","c","a"
"922","a","a","a","c","a","a","b","b","c","b","c","b","a","a","a","a","a","a","a","c"
"923","b","c","c","c","a","b","a","a","c","b","c","b","a","a","c","c","b","b","b","b"
"924","a","a","b","b","b","c","a","c","a","b","a","b","a","a","c","a","a","b","b","a"
"925","a","a","a","c","c","a","b","b","b","b","a","b","a","a","a","a","a","a","a","a"
"926","c","c","b","a","a","c","b","b","c","b","c","b","b","a","a","a","a","c","c","a"
"927","a","c","c","c","a","a","a","a","b","b","c","a","b","b","b","b","b","c","b","b"
"928","c","c","c","c","a","a","a","a","b","c","b","c","c","a","a","a","a","c","a","a"
"929","a","a","a","a","a","a","a","a","b","c","b","c","a","a","c","a","c","a","b","b"
"930","b","c","b","c","a","b","a","b","c","a","c","b","a","a","a","c","a","c","c","c"
"931","a","c","a","b","a","a","a","a","c","c","c","c","c","c","a","b","a","b","b","c"
"932","a","c","a","a","c","a","a","b","b","b","c","a","b","a","c","a","c","b","a","a"
"933","a","a","a","a","c","a","b","a","b","b","c","c","b","a","a","a","a","a","a","a"
"934","c","a","c","b","a","a","a","a","b","b","c","b","a","b","a","a","c","c","b","b"
"935","b","b","c","c","a","a","a","b","b","c","a","b","a","a","a","a","a","c","c","a"
"936","b","c","a","a","b","a","a","b","c","b","b","c","b","a","a","a","a","c","a","b"
"937","a","c","a","a","c","c","a","c","b","b","c","c","c","c","c","c","c","b","a","a"
"938","b","a","c","c","a","c","a","c","b","b","b","c","c","c","b","a","b","a","b","c"
"939","b","a","c","b","a","a","b","b","b","b","c","c","c","b","a","a","a","a","b","a"
"940","b","b","b","c","b","b","a","a","b","b","a","b","c","c","a","b","a","c","c","a"
"941","c","b","b","b","a","b","a","a","b","b","c","a","b","a","a","a","a","c","c","a"
"942","c","c","c","a","a","a","a","b","a","b","c","c","c","c","b","b","b","c","b","a"
"943","a","b","b","c","c","a","a","c","b","c","b","c","c","c","c","c","a","c","c","a"
"944","b","c","b","b","b","b","b","c","a","b","c","a","b","a","a","a","a","c","a","a"
"945","c","a","c","b","a","c","a","a","b","c","c","c","c","c","c","a","a","a","c","a"
"946","b","a","b","b","a","c","a","a","c","b","c","b","a","a","b","b","c","a","b","b"
"947","b","a","a","b","a","c","a","a","b","c","c","a","b","b","c","a","b","b","b","c"
"948","a","a","a","b","a","c","a","a","b","b","b","a","c","c","b","a","b","a","a","c"
"949","a","b","c","b","c","c","a","c","b","b","c","a","c","b","b","b","b","c","a","a"
"950","b","b","c","b","a","a","a","a","a","b","a","b","b","c","a","a","b","c","b","a"
"951","a","b","a","a","a","a","a","c","b","b","c","b","a","a","a","a","b","c","a","c"
"952","b","a","a","b","a","c","a","a","a","b","c","a","c","a","a","a","b","b","a","a"
"953","a","c","a","b","b","b","b","c","c","b","c","b","a","a","b","a","c","a","a","b"
"954","b","b","a","c","a","b","a","a","b","a","c","a","a","a","a","a","b","a","b","a"
"955","b","a","c","b","c","a","a","c","b","a","b","c","c","a","b","b","b","b","b","c"
"956","b","a","a","c","a","a","b","b","a","a","b","a","c","c","a","b","a","a","c","c"
"957","b","c","a","b","a","a","a","c","c","a","b","c","c","c","a","c","c","c","c","a"
"958","c","b","c","a","b","a","a","b","b","b","b","b","a","a","c","c","c","c","b","c"
"959","a","b","a","b","a","a","a","a","b","c","b","c","a","a","a","a","a","c","a","a"
"960","a","b","a","c","b","b","a","b","c","b","b","b","a","a","c","c","a","c","a","a"
"961","b","a","a","b","b","c","a","a","c","b","c","a","c","c","a","a","a","a","a","a"
"962","b","a","a","b","b","c","c","b","c","b","c","a","b","c","b","c","b","a","a","c"
"963","a","a","a","c","a","c","b","c","b","b","c","b","a","a","b","c","a","a","a","a"
"964","c","b","b","a","c","c","b","a","c","b","c","a","a","a","a","a","c","b","b","a"
"965","b","c","a","c","b","a","a","a","b","a","a","b","a","a","a","a","c","a","c","b"
"966","c","c","a","b","a","a","a","b","c","c","a","a","c","c","b","c","b","b","b","c"
"967","b","c","c","b","a","c","a","a","b","b","c","a","a","a","c","a","b","c","b","c"
"968","a","a","a","a","c","a","a","c","c","b","c","b","b","c","c","c","a","a","a","a"
"969","a","a","c","c","a","b","a","a","c","b","a","b","a","b","a","a","a","b","c","a"
"970","b","a","c","a","b","b","a","a","c","c","c","a","b","c","a","a","a","a","c","a"
"971","b","b","c","b","b","c","c","c","c","b","c","c","c","c","c","a","b","c","b","a"
"972","b","a","a","b","b","a","a","a","b","b","c","b","a","a","a","a","a","a","a","c"
"973","b","a","a","b","a","a","a","a","c","c","a","a","a","c","a","a","c","b","c","b"
"974","b","a","c","c","c","c","b","a","b","b","c","c","b","c","c","c","c","a","c","b"
"975","c","c","c","a","a","b","a","a","c","c","c","a","b","c","a","b","b","b","b","b"
"976","b","c","a","b","a","c","a","a","a","c","b","c","c","b","c","a","a","b","b","a"
"977","b","a","a","b","a","c","b","b","b","b","c","b","a","b","c","c","a","b","a","c"
"978","b","c","b","b","b","b","a","b","b","b","c","a","b","c","b","a","c","c","c","a"
"979","c","c","b","a","c","b","b","a","b","b","b","b","a","c","c","a","b","c","c","b"
"980","b","a","a","c","a","b","a","a","c","c","a","c","c","b","a","b","a","a","a","a"
"981","b","a","a","b","b","b","a","b","a","b","c","c","c","c","a","a","c","a","c","b"
"982","a","a","a","b","b","b","a","a","c","c","a","a","c","c","b","b","b","a","b","c"
"983","a","a","a","a","a","a","a","a","b","a","c","a","c","c","a","b","a","a","a","a"
"984","c","c","a","b","c","b","b","a","b","a","c","b","a","a","a","a","c","c","c","a"
"985","b","c","c","b","c","a","a","c","b","a","c","a","b","a","c","c","b","c","c","c"
"986","b","a","c","b","c","a","b","c","b","a","b","c","c","c","c","c","c","c","c","b"
"987","a","b","a","a","a","a","a","a","c","b","c","a","c","c","c","b","a","c","a","a"
"988","a","a","b","a","b","a","a","a","b","b","a","b","c","b","b","b","b","a","b","c"
"989","b","a","a","b","c","b","b","a","b","b","c","a","b","c","a","a","a","a","a","b"
"990","b","a","a","c","b","a","a","b","c","c","b","c","a","a","b","a","a","b","a","a"
"991","b","a","b","c","c","c","c","c","c","c","c","a","c","c","a","a","c","c","c","b"
"992","a","c","a","b","a","c","a","a","a","a","b","c","c","c","a","c","a","b","c","b"
"993","a","c","b","c","a","b","c","b","a","b","c","c","b","a","c","a","c","b","c","a"
"994","b","a","c","c","a","b","b","b","c","b","c","a","b","c","a","a","c","b","c","b"
"995","a","a","a","a","b","b","a","a","b","a","c","a","a","a","a","a","a","a","c","a"
"996","b","c","b","a","a","a","a","a","b","c","a","b","a","c","c","a","c","c","c","a"
"997","c","a","c","b","a","a","a","a","b","a","b","c","c","c","b","a","a","b","c","a"
"998","a","c","c","c","a","a","a","a","b","b","c","a","b","c","a","a","a","c","b","a"
"999","a","b","b","a","a","a","a","a","a","b","c","b","a","a","c","c","c","c","c","a"
"1000","a","b","a","b","c","b","a","a","a","c","b","a","c","c","a","a","c","a","c","a"
